artist_name,artist_id,track_name,track_id
Bruno Mars,0du5cEVh5yTK9QJze8zA0C,Locked out of Heaven,3w3y8KPTfNeOKPiqUTakBh
Shawn Mendes,7n2wHs1TKAczGzO7Dd2rGr,There's Nothing Holdin' Me Back,7JJmb5XwzOO8jgpou264Ml
a-ha,2jzc5TC5TVFLXQlBNiIUzE,Take on Me,2WfaOiMkCvy7F5fcp2zZ8L
James Arthur,4IWBUUAFIplrNtaOHcJPRM,Say You Won't Let Go,5uCax9HTNlzGybIStD3vDh
The Chainsmokers,69GGBxA162lTqCwzJG5jLp,Something Just Like This,6RUKPb4LETWmmr3iAEQktW
Avicii,1vCWHaC5f2uS3yhpwWbIA6,Wake Me Up,0nrRP2bk19rLc0orkWPQk2
Maroon 5,04gDigrS5kc9YWfZHwBETP,Memories,4cktbXiXOapiLBMprHFErI
Imagine Dragons,53XhwfbYqKCa1cC15pYq2q,Thunder,1zB4vmk8tFRmM9UULNzbLB
Harry Styles,6KImCVD70vtIoJWnq6nGn3,Adore You,3jjujdWJ72nww5eGnfs2E7
Coldplay,4gzpq5DPGxSnKTe4SA8HAU,Viva La Vida,1mea3bSkSGXuIRvnydlB5b
John Legend,5y2Xq6xcjJb2jVM54GHK3t,All of Me,3U4isOIWM3VvDubwSI3y7a
Ed Sheeran,6eUKZXaKkcviH0Ku9w2n3V,Photograph,1HNkqx9Ahdgi1Ixy2xkKkL
Elton John,3PhoLpVuITZKcymswpck5b,I'm Still Standing,1jDJFeK9x3OZboIAHsY9k2
Bon Jovi,58lV9VcRSjABbAbfWS6skp,Livin' On A Prayer,37ZJ0p5Jm13JPevGcx4SkF
Rihanna,5pKCCKE2ajJHZ9KAiaK11H,Love On The Brain,5oO3drDxtziYU2H1X23ZIp
The Chainsmokers,69GGBxA162lTqCwzJG5jLp,Closer,7BKLCZ1jbUBVqRi2FVlTVw
Shawn Mendes,7n2wHs1TKAczGzO7Dd2rGr,Treat You Better,3QGsuHI8jO1Rx4JWLUh9jd
Harry Styles,6KImCVD70vtIoJWnq6nGn3,Falling,1ZMiCix7XSAbfAJlEZWMCp
Lady Gaga,1HY2Jd0NmPuamShAr6KMms,Shallow,2VxeLyX666F8uXCJ0dZF8B
Sam Smith,2wY79sveU1sp5g7SokKOiI,Stay With Me,5Nm9ERjJZ5oyfXZTECKmRt
Coldplay,4gzpq5DPGxSnKTe4SA8HAU,A Sky Full of Stars,0FDzzruyVECATHXKHFs9eJ
Justin Bieber,1uNFoZAHBGtllmzznpCI3s,Love Yourself,50kpGaPAhYJ3sGmk6vplg0
Maroon 5,04gDigrS5kc9YWfZHwBETP,Maps,4gbVRS8gloEluzf0GzDOFc
Ed Sheeran,6eUKZXaKkcviH0Ku9w2n3V,Thinking out Loud,34gCuhDGsG4bRPIf9bb02f
Lewis Capaldi,4GNC7GD6oZMSxPGyXy4MNB,Before You Go,2gMXnyrvIjhVBUZwvLZDMP
TOTO,0PFtn5NtBbbUNbU9EAmIWF,Africa,2374M0fQpWi3dLnB54qaLX
The Goo Goo Dolls,2sil8z5kiy4r76CRTXxBCA,Iris,6Qyc6fS4DsZjB2mRW9DsQs
Rihanna,5pKCCKE2ajJHZ9KAiaK11H,Umbrella,49FYlytm3dAAraYgpoJZux
Mark Ronson,3hv9jJF3adDNsBSIQDqcjp,Uptown Funk (feat. Bruno Mars),32OlwWuMpZ6b0aN2RZOeMS
Marshmello,64KEffDW9EtZ1y2vBYgq8T,Happier,2dpaYNEQHiRxtZbfNsse99
WALK THE MOON,6DIS6PRrLS3wbnZsf7vYic,Shut Up and Dance,4kbj5MwxO1bq9wjT5g9HaA
Ariana Grande,66CXWjxzNUsdJxJ2JdwvnR,Stuck with U (with Justin Bieber),4HBZA5flZLE435QTztThqH
Lady Gaga,1HY2Jd0NmPuamShAr6KMms,Bad Romance,0SiywuOBRcynK0uKGWdCnn
One Direction,4AK6F7OLvEQ5QYCBNiQWHq,Story of My Life,4nVBt6MZDDP6tRVdQTgxJg
ABBA,0LcJLqbBmaGUft1e9Mm8HV,Dancing Queen,0GjEhVFGZW8afUYGChu3Rr
Bruno Mars,0du5cEVh5yTK9QJze8zA0C,Just the Way You Are,7BqBn9nzAq8spo5e7cZ0dJ
Bryan Adams,3Z02hBLubJxuFJfhacLSDc,Summer Of '69,0GONea6G2XdnHWjNZd6zt3
Train,3FUY2gzHeIiaesXtOAdB7A,"Hey, Soul Sister",4HlFJV71xXKIGcU3kRyttv
Shawn Mendes,7n2wHs1TKAczGzO7Dd2rGr,Mercy,0AS63m1wHv9n4VVRizK6Hc
Ariana Grande,66CXWjxzNUsdJxJ2JdwvnR,"thank u, next",3e9HZxeyfWwjeyPAMmWSSQ
Ava Max,4npEfmQ6YuiwW1GpUmaq3F,Sweet but Psycho,7DnAm9FOTWE3cUvso43HhI
Calvin Harris,7CajNmpbOovFoOoasH2HaY,This Is What You Came For,0azC730Exh71aQlOt9Zj3y
Justin Bieber,1uNFoZAHBGtllmzznpCI3s,Sorry,09CtPGIpYB4BrO8qb1RGsF
Whitney Houston,6XpaIBNiVzIetEPCWDvAFP,I Wanna Dance with Somebody (Who Loves Me),2tUBqZG2AbRi7Q0BIrVrEj
Panic! At The Disco,20JZFwl6HVl6yg8a4H3ZqK,High Hopes,1rqqCSm0Qe4I9rUvWncaom
Backstreet Boys,5rSXSAkZ67PYJSvpUpkOr7,I Want It That Way,47BBI51FKFwOMlIiX6m8ya
Maroon 5,04gDigrS5kc9YWfZHwBETP,Sugar,2iuZJX9X9P0GKaE93xcPjk
Kesha,6LqNN22kT3074XbTVUrhzX,TiK ToK,0HPD5WQqrq7wPWR7P7Dw1i
Dua Lipa,6M2wZ9GZgrQXHCFfjv46we,New Rules,2ekn2ttSfGqwhhate0LSR0
P!nk,1KCSPY1glIKqW2TotWuXOR,Just Give Me a Reason (feat. Nate Ruess),1mKXFLRA179hdOWQBwUk9e
Pitbull,0TnOYISbd1XYRBk9myaseg,Timber (feat. Ke$ha),3cHyrEgdyYRjgJKSOiOtcS
MAGIC!,0DxeaLnv6SyYk2DOqkLO8c,Rude,6RtPijgfPKROxEzTHNRiDp
Spice Girls,0uq5PttqEjj3IH1bzwcrXF,Wannabe,1Je1IMUlBXcx1Fz0WE7oPT
Lewis Capaldi,4GNC7GD6oZMSxPGyXy4MNB,Bruises,4Of7rzpRpV1mWRbhp5rAqG
Jonas Brothers,7gOdHgIoIKoe4i9Tta6qdD,Sucker,22vgEDb5hykfaTwLuskFGD
Pharrell Williams,2RdwBSPQiwcmiDo9kixcl8,"Happy - From ""Despicable Me 2""",60nZcImufyMA1MKQY3dcCH
Calum Scott,6ydoSd3N2mwgwBHtF6K7eX,Dancing On My Own,2BOqDYLOJBiMOXShCV1neZ
Swedish House Mafia,1h6Cn3P4NGzXbaXidqURXs,Don't You Worry Child - Radio Edit,2V65y3PX4DkRhy1djlxd9p
4 Non Blondes,0Je74SitssvJg1w4Ra2EK7,What's Up?,0jWgAnTrNZmOGmqgvHhZEm
Ed Sheeran,6eUKZXaKkcviH0Ku9w2n3V,Happier,2RttW7RAu5nOAfq6YFvApB
Camila Cabello,4nDoRrQiYLoBzwC5BhVJzF,Havana (feat. Young Thug),1rfofaqEpACxVEHIZBJe6W
Taio Cruz,6MF9fzBmfXghAz953czmBC,Dynamite,2CEgGE6aESpnmtfiZwYlbV
Snow Patrol,3rIZMv9rysU7JkLzEaC5Jp,Chasing Cars,5hnyJvgoWiQUYZttV4wXy6
Niall Horan,1Hsdzj7Dlq2I7tHP7501T4,This Town,0qvzXomUDJVaUboy2wMfiS
Lukas Graham,25u4wHJWxCA9vO0CzxAbK7,7 Years,5kqIPrATaCc2LqxVWzQGbk
The Fray,0zOcE3mg9nS6l3yxt1Y0bK,How to Save a Life,5fVZC9GiM4e8vu99W0Xf6J
Jason Mraz,4phGZZrJZRo4ElhRtViYdl,I'm Yours,1EzrEOXmMH3G43AXT1y7pA
One Direction,4AK6F7OLvEQ5QYCBNiQWHq,Drag Me Down,2K87XMYnUMqLcX3zvtAF4G
ZAYN,5ZsFI1h6hIdQRw2ti0hz81,I Don’t Wanna Live Forever (Fifty Shades Darker),55n9yjI6qqXh5F2mYvUc2y
Dean Lewis,3QSQFmccmX81fWCUSPTS7y,Be Alright,3EPXxR3ImUwfayaurPi3cm
Zedd,2qxJFvFYMEDqd7ui6kSAcq,The Middle,09IStsImFySgyp0pIQdqAc
Avril Lavigne,0p4nmQO2msCgU4IF37Wi3j,Complicated,5xEM5hIgJ1jjgcEBfpkt2F
Dua Lipa,6M2wZ9GZgrQXHCFfjv46we,IDGAF,76cy1WJvNGJTj78UqeA5zr
Black Eyed Peas,1yxSLGMDHlW21z4YXirZDS,Where Is The Love?,0xmjwnQ3FNE6HuWCt2nHdZ
Maroon 5,04gDigrS5kc9YWfZHwBETP,This Love,6ECp64rv50XVz93WvxXMGF
Wham!,5lpH0xAS4fVfLkACg9DAuM,Wake Me Up Before You Go-Go,0ikz6tENMONtK6qGkOrU3c
Usher,23zg3TcAtWQy7J6upgbUnj,DJ Got Us Fallin' In Love (feat. Pitbull),4356Typ82hUiFAynbLYbPn
Cyndi Lauper,2BTZIqw0ntH9MvilQ3ewNY,Girls Just Want to Have Fun,4y1LsJpmMti1PfRQV9AWWe
Adele,4dpARuHxo51G3z768sgnrY,Rolling in the Deep,1c8gk2PeTE04A1pIDH9YMk
Billy Joel,6zFYqv1mOsgBRQbae3JJ9e,Uptown Girl,5zA8vzDGqPl2AzZkEYQGKh
U2,51Blml2LZPmy7TTiAg47vQ,With Or Without You - Remastered,6ADSaE87h8Y3lccZlBJdXH
Lorde,163tK9Wjr9P9DmM0AVK7lm,Royals,2dLLR6qlu5UJ5gk0dKz0h3
Ellie Goulding,0X2BH1fck6amBIoJhDVmmJ,"Love Me Like You Do - From ""Fifty Shades Of Grey""",3zHq9ouUJQFQRf3cm1rRLu
Katrina & The Waves,2TzHIUhVpeeDxyJPpQfnV3,Walking On Sunshine,05wIrZSwuaVWhcv5FfqeH0
Jessie J,2gsggkzM5R49q6jpPvazou,Bang Bang,0puf9yIluy9W0vpMEUoAnN
Adele,4dpARuHxo51G3z768sgnrY,Someone Like You,1zwMYTA5nlNjZxYrvBB2pV
American Authors,0MlOPi3zIDMVrfA9R04Fe3,Best Day Of My Life,5Hroj5K7vLpIG4FNCRIjbP
John Travolta,4hKkEHkaqCsyxNxXEsszVH,You're The One That I Want - From “Grease”,0B9x2BRHqj3Qer7biM3pU3
Smash Mouth,2iEvnFsWxR0Syqu2JNopAd,All Star,3cfOd4CMv2snFaKAnMdnvK
Ed Sheeran,6eUKZXaKkcviH0Ku9w2n3V,Galway Girl,0afhq8XCExXpqazXczTSve
Maroon 5,04gDigrS5kc9YWfZHwBETP,She Will Be Loved - Radio Mix,4llK75pXNWZz6KAho2Gp16
George Ezra,2ysnwxxNtSgbb9t1m2Ur4j,Budapest,2ixsaeFioXJmMgkkbd4uj1
Owl City,07QEuhtrNmmZ0zEcqE9SF6,Fireflies,3DamFFqW32WihKkTVlwTYQ
Jeremy Zucker,3gIRvgZssIb9aiirIg0nI3,comethru,18uwL0vNUanqZH0ro2QcOP
Adele,4dpARuHxo51G3z768sgnrY,Set Fire to the Rain,73CMRj62VK8nUS4ezD2wvi
Tones And I,2NjfBq1NflQcKSeiDooVjY,Dance Monkey,2XU0oxnq2qxCpomAAuJY8K
Ed Sheeran,6eUKZXaKkcviH0Ku9w2n3V,Castle on the Hill,6PCUP3dWmTjcTtXY02oFdT
Bruce Springsteen,3eqjTLE0HfPfh78zjh6TqT,Dancing In the Dark,7FwBtcecmlpc1sLySPXeGE
Britney Spears,26dSoYclwsYLMAKD3tpOr4,Oops!...I Did It Again,6naxalmIoLFWR0siv8dnQQ
The Wanted,2NhdGz9EDv2FeUw6udu2g1,Glad You Came,5yDL13y5giogKs2fSNf7sj
Sixpence None The Richer,0lJlKQvuM2Sd9DPPyUXcHg,Kiss Me,754kgU5rWscRTfvlsuEwFp
Train,3FUY2gzHeIiaesXtOAdB7A,Drops of Jupiter (Tell Me),2hKdd3qO7cWr2Jo0Bcs0MA
Tracy Chapman,7oPgCQqMMXEXrNau5vxYZP,Fast Car,2M9ro2krNb7nr7HSprkEgo
Alicia Keys,3DiDSECUqqY1AuBP8qtaIa,No One,6IwKcFdiRQZOWeYNhUiWIv
Elton John,3PhoLpVuITZKcymswpck5b,Don't Go Breaking My Heart,7HW5WIw7ZgZORCzUxv5gW5
Avicii,1vCWHaC5f2uS3yhpwWbIA6,Without You (feat. Sandro Cavazza),6Pgkp4qUoTmJIPn7ReaGxL
Beyoncé,6vWDO969PvNqNYHIOW5v0m,Crazy In Love (feat. Jay-Z),5IVuqXILoxVWvWEPm82Jxr
Train,3FUY2gzHeIiaesXtOAdB7A,Drive By,0KAiuUOrLTIkzkpfpn9jb9
Martin Garrix,60d24wfXkVzDSfLS6hyCjZ,Scared to Be Lonely,3ebXMykcMXOcLeJ9xZ17XH
Bruno Mars,0du5cEVh5yTK9QJze8zA0C,Grenade,2tJulUYLDKOg9XrtVkMgcJ
Fleetwood Mac,08GQAI4eElDnROBrJRGE0X,Everywhere - 2017 Remaster,254bXAqt3zP6P50BdQvEsq
Shania Twain,5e4Dhzv426EvQe3aDb64jL,Man! I Feel Like A Woman!,6sxptembJVty4sNtcPMAVz
Halsey,26VFTg2z8YR0cCuwLzESi2,Without Me,5p7ujcrUXASCNwRaWNHR1C
Counting Crows,0vEsuISMWAKNctLlUAhSZC,Mr. Jones,5DiXcVovI0FcY2s0icWWUu
OneRepublic,5Pwc4xIPtQLFEnJriah9YJ,Counting Stars,6sy3LkhNFjJWlaeSMNwQ62
Flo Rida,0jnsk9HBra6NMjO2oANoPY,Wild Ones (feat. Sia),1NpW5kyvO4XrNJ3rnfcNy3
George Ezra,2ysnwxxNtSgbb9t1m2Ur4j,Shotgun,4ofwffwvvnbSkrMSCKQDaC
Rachel Platten,3QLIkT4rD2FMusaqmkepbq,Fight Song,37f4ITSlgPX81ad2EvmVQr
One Direction,4AK6F7OLvEQ5QYCBNiQWHq,You & I,2afCBiru10AFckfOa49wIa
Zara Larsson,1Xylc3o4UrD53lo9CvFvVg,Lush Life,1rIKgCH4H52lrvDcz50hS8
Toploader,6xeFne1rkxMhKSW3ipvkdV,Dancing in the Moonlight,3Fzlg5r1IjhLk2qRw667od
Tom Petty,2UZMlIwnkgAEDBsw1Rejkn,Free Fallin',5tVA6TkbaAH9QMITTQRrNv
U2,51Blml2LZPmy7TTiAg47vQ,I Still Haven't Found What I'm Looking For,6wpGqhRvJGNNXwWlPmkMyO
Rihanna,5pKCCKE2ajJHZ9KAiaK11H,We Found Love,0U10zFw4GlBacOy9VDGfGL
Whitney Houston,6XpaIBNiVzIetEPCWDvAFP,I Will Always Love You,4eHbdreAnSOrDDsFfc4Fpm
Vanessa Carlton,5ILrArfIV0tMURcHJN8Q07,A Thousand Miles,4w1lzcaoZ1IC2K5TwjalRP
Cher,72OaDtakiy6yFqkt4TsiFt,Believe,2goLsvvODILDzeeiT4dAoR
Starship,0kObWap02DEg9EAJ3PBxzf,Nothing's Gonna Stop Us Now,3X7uFMzJrEE0sxn62qd8Ch
Green Day,7oPftvlwr6VrsViSDV7fJY,Good Riddance (Time of Your Life),6ORqU0bHbVCRjXm9AjyHyZ
P!nk,1KCSPY1glIKqW2TotWuXOR,Raise Your Glass,1gv4xPanImH17bKZ9rOveR
Kings of Leon,2qk9voo8llSGYcZ6xrBzKx,Use Somebody,5VGlqQANWDKJFl0MBG3sg2
Lady Gaga,1HY2Jd0NmPuamShAr6KMms,Rain On Me (with Ariana Grande),7ju97lgwC2rKQ6wwsf9no9
Rihanna,5pKCCKE2ajJHZ9KAiaK11H,Take A Bow,3goSVuTt3fDYDP6kRnFwuL
Oasis,2DaxqgrOhkeH0fpeiQq2f4,Wonderwall - Remastered,7ygpwy2qP3NbrxVkHvUhXY
Marshmello,64KEffDW9EtZ1y2vBYgq8T,Be Kind (with Halsey),3Z8FwOEN59mRMxDCtb8N0A
Flo Rida,0jnsk9HBra6NMjO2oANoPY,Good Feeling,2LEF1A8DOZ9wRYikWgVlZ8
Dolly Parton,32vWCbZh0xZ4o9gkz4PsEU,9 to 5,4w3tQBXhn5345eUXDGBWZG
Phil Collins,4lxfqrEsLX6N1N4OCSkILp,You Can't Hurry Love - 2016 Remaster,4YwbSZaYeYja8Umyt222Qf
Labrinth,2feDdbD5araYcm6JhFHHw7,Jealous,4G92yYrUs0cvY7G41YRI0z
Sam Smith,2wY79sveU1sp5g7SokKOiI,Dancing With A Stranger (with Normani),6Qs4SXO9dwPj5GKvVOv8Ki
Lou Bega,46lnlnlU0dXTDpoAUmH6Qx,Mambo No. 5 (a Little Bit of...),6x4tKaOzfNJpEJHySoiJcs
Katy Perry,6jJ0s89eD6GaHleKKya26X,California Gurls,6tS3XVuOyu10897O3ae7bi
Hozier,2FXC3k01G6Gw61bmprjgqS,Take Me to Church,1CS7Sd1u5tWkstBhpssyjP
P!nk,1KCSPY1glIKqW2TotWuXOR,So What,0JiY190vktuhSGN6aqJdrt
Echosmith,1PbBg2aYjWLKRk84zJK15x,Cool Kids,13P5rwmk2EsoFRIz9UCeh9
Chris Brown,7bXgB6jMjp9ATFy66eO08Z,Forever,3NZJlJemX3mzjf56MqC5ML
B.o.B,5ndkK3dpZLKtBklKjxNQwT,Nothin' on You (feat. Bruno Mars),59dLtGBS26x7kc0rHbaPrq
Gotye,2AsusXITU8P25dlRNhcAbG,Somebody That I Used To Know,4wCmqSrbyCgxEXROQE6vtV
Cyndi Lauper,2BTZIqw0ntH9MvilQ3ewNY,Time After Time,7o9uu2GDtVDr9nsR7ZRN73
3 Doors Down,2RTUTCvo6onsAnheUk3aL9,Here Without You,3NLrRZoMF0Lx6zTlYqeIo4
James Blunt,7KMqksf0UMdyA0UCf4R3ux,You're Beautiful,0vg4WnUWvze6pBOJDTq99k
Starship,0kObWap02DEg9EAJ3PBxzf,We Built This City,6OnfBiiSc9RGKiBKKtZXgQ
Kygo,23fqKkggKUBHNkbKtXEls4,Higher Love,6oJ6le65B3SEqPwMRNXWjY
Lauv,5JZ7CnR6gTvEMKX4g70Amv,i'm so tired...,4vjpLMyL3ZO6aphdYr8XYw
Katy Perry,6jJ0s89eD6GaHleKKya26X,Last Friday Night (T.G.I.F.),455AfCsOhhLPRc68sE01D8
Sam Smith,2wY79sveU1sp5g7SokKOiI,Too Good At Goodbyes,3VlbOrM6nYPprVvzBZllE5
Niall Horan,1Hsdzj7Dlq2I7tHP7501T4,Slow Hands,2cOUlop2ZakjOKe4WinesN
Lady Gaga,1HY2Jd0NmPuamShAr6KMms,Poker Face,5R8dQOPq8haW94K7mgERlO
Clean Bandit,6MDME20pz9RveH9rEXvrOM,Symphony (feat. Zara Larsson),72gv4zhNvRVdQA0eOenCal
Natalie Imbruglia,0dlOr0VIysztGWvU1dpjmP,Torn,1Jaah2tmN9Hv81A87KZ1MU
Passenger,0gadJ2b9A4SKsB1RFkBb66,Let Her Go,1KxwZYyzWNyZSRyErj2ojT
Jonas Blue,1HBjj22wzbscIZ9sEb5dyf,Perfect Strangers,3P3pw6C19j31Rnzgo3JG7o
B.o.B,5ndkK3dpZLKtBklKjxNQwT,Airplanes (feat. Hayley Williams of Paramore),6lV2MSQmRIkycDScNtrBXO
Robin Thicke,0ZrpamOxcZybMHGg1AYtHP,Blurred Lines,0n4bITAu0Y0nigrz3MFJMb
Huey Lewis & The News,7A9yZMTrFZcgEWAX2kBfK6,The Power Of Love,2olVm1lHicpveMAo4AUDRB
Beyoncé,6vWDO969PvNqNYHIOW5v0m,Halo,4JehYebiI9JE8sR8MisGVb
Lifehouse,5PokPZn11xzZXyXSfnvIM3,You And Me,0815caqt2Lytro5EIzMufT
Shawn Mendes,7n2wHs1TKAczGzO7Dd2rGr,Stitches,5jsw9uXEGuKyJzs0boZ1bT
Daniel Powter,7xTcuBOIAAIGDOSvwYFPzk,Bad Day,0mUyMawtxj1CJ76kn9gIZK
The Killers,0C0XlULifJtAgn6ZNCW2eu,Human,1sTsuZTdANkiFd7T34H3nb
Clean Bandit,6MDME20pz9RveH9rEXvrOM,Rockabye (feat. Sean Paul & Anne-Marie),5knuzwU65gJK7IF5yJsuaW
Phil Collins,4lxfqrEsLX6N1N4OCSkILp,Against All Odds (Take a Look at Me Now) - 2016 Remaster,63CHa6rmamv9OsehkRD8oz
Shakira,0EmeFodog0BfCgMzAIvKQp,"Whenever, Wherever",2lnzGkdtDj5mtlcOW2yRtG
Paul Simon,2CvCyf1gEVhI0mX6aFXmVI,You Can Call Me Al,0qxYx4F3vm1AOnfux6dDxP
benny blanco,5CiGnKThu5ctn9pBxv7DGa,Eastside (with Halsey & Khalid),0d2iYfpKoM0QCKvcLCkBao
Hailee Steinfeld,5p7f24Rk5HkUZsaS3BLG5F,Starving,4Ce37cRWvM1vIGGynKcs22
Shawn Mendes,7n2wHs1TKAczGzO7Dd2rGr,In My Blood,2QZ7WLBE8h2y1Y5Fb8RYbH
Leona Lewis,5lKZWd6HiSCLfnDGrq9RAm,Bleeding Love,7wZUrN8oemZfsEd1CGkbXE
Meghan Trainor,6JL8zeS1NmiOftqZTRgdTz,All About That Bass,5jE48hhRu8E6zBDPRSkEq7
Bruno Mars,0du5cEVh5yTK9QJze8zA0C,Marry You,22PMfvdz35fFKYnJyMn077
Bastille,7EQ0qTo7fWT7DPxmxtSYEc,Pompeii,4Ub8UsjWuewQrPhuepfVpd
Sam Smith,2wY79sveU1sp5g7SokKOiI,How Do You Sleep?,6b2RcmUt1g9N9mQ3CbjX2Y
Jason Derulo,07YZf4WDAMNwqr4jfgOZ8y,Want to Want Me,7oGZAicScQt96OAW4AruYy
Michael Jackson,3fMbdgg4jU18AjLCKBhRSm,The Way You Make Me Feel - 2012 Remaster,0sKlV58cODrjxGFOyf9IXY
The Calling,5aMmmNxw4vgpc5XC6hK0zp,Wherever You Will Go,5QpaGzWp0hwB5faV8dkbAz
Adele,4dpARuHxo51G3z768sgnrY,When We Were Young,7GgWAITsYJaRM3r50rfh5w
The Script,3AQRLZ9PuTAozP28Skbq8V,Superheroes,37sINbJZcFdHFAsVNsPq1i
Bebe Rexha,64M6ah0SkkRsnPGtGiRAbb,Meant to Be (feat. Florida Georgia Line),7iDa6hUg2VgEL1o1HjmfBn
P!nk,1KCSPY1glIKqW2TotWuXOR,What About Us,0Qh38w01QRXK6KHIv0e3hb
Olly Murs,3whuHq0yGx60atvA2RCVRW,Troublemaker (feat. Flo Rida),6s8nHXTJVqFjXE4yVZPDHR
Julia Michaels,0ZED1XzwlLHW4ZaG4lOT6m,Issues,7vu0JkJh0ldukEYbTVcqd0
New Radicals,0Grjlu7ncIuCaSYvCs9fcd,You Get What You Give,1Cwsd5xI8CajJz795oy4XF
Savage Garden,3NRFinRTEqUCfaTTZmk8ek,Truly Madly Deeply,013AWvizllIUEC2FOBzOnh
The Script,3AQRLZ9PuTAozP28Skbq8V,The Man Who Can't Be Moved,3nqqDo8CcCLke3ZoTgiOKf
Lewis Capaldi,4GNC7GD6oZMSxPGyXy4MNB,Someone You Loved,2TIlqbIneP0ZY1O0EzYLlc
The Supremes,57bUPid8xztkieZfS7OlEV,You Can't Hurry Love,1OppEieGNdItZbE14gLBEv
Kenny Loggins,3Y3xIwWyq5wnNHPp5gPjOW,"Footloose - From ""Footloose"" Soundtrack",2vz1CsL5WBsbpBcwgboTAw
Alessia Cara,2wUjUUtkb5lvLKcGKsKqsR,Scars To Your Beautiful,42ydLwx4i5V49RXHOozJZq
ABBA,0LcJLqbBmaGUft1e9Mm8HV,Take A Chance On Me,5BckPAYcKEJuYs1eV1BHHe
Taylor Swift,06HL4z0CvFAxyc27GXpf02,Shake It Off,5xTtaWoae3wi06K5WfVUUH
Justin Timberlake,31TPClRtHm23RisEBtV3X7,Rock Your Body,1AWQoqb9bSvzTjaLralEkT
50 Cent,3q7HBObVc0L8jNeTe5Gofh,In Da Club,4RY96Asd9IefaL3X4LOLZ8
Lady Gaga,1HY2Jd0NmPuamShAr6KMms,Just Dance,2x7MyWybabEz6Y6wvHuwGE
Gwen Stefani,4yiQZ8tQPux8cPriYMWUFP,The Sweet Escape,66ZcOcouenzZEnzTJvoFmH
Shakira,0EmeFodog0BfCgMzAIvKQp,Hips Don't Lie (feat. Wyclef Jean),3ZFTkvIE7kyPt6Nu3PEa7V
Usher,23zg3TcAtWQy7J6upgbUnj,Yeah! (feat. Lil Jon & Ludacris),5rb9QrpfcKFHM1EUbSIurX
Mary J. Blige,1XkoF8ryArs86LZvFOkbyr,Family Affair,3aw9iWUQ3VrPQltgwvN9Xu
Eminem,7dGJo4pcD2V6oG8kP0tJRR,"Lose Yourself - From ""8 Mile"" Soundtrack",5Z01UMMf7V1o0MzF86s6WJ
Gnarls Barkley,5SbkVQYYzlw1kte75QIabH,Crazy,2N5zMZX7YeL1tico8oQxa9
JAY-Z,3nFkdlSjzX9mRTtwJOzDYB,Empire State Of Mind,2igwFfvr1OAGX9SKDCPBwO
Maroon 5,04gDigrS5kc9YWfZHwBETP,This Love,6ECp64rv50XVz93WvxXMGF
Justin Timberlake,31TPClRtHm23RisEBtV3X7,Cry Me a River,7Lf7oSEVdzZqTA0kEDSlS5
Rihanna,5pKCCKE2ajJHZ9KAiaK11H,Umbrella,49FYlytm3dAAraYgpoJZux
Coldplay,4gzpq5DPGxSnKTe4SA8HAU,Yellow,3AJwUDP919kvQ9QcozQPxg
Eminem,7dGJo4pcD2V6oG8kP0tJRR,Without Me,7lQ8MOhq6IN2w8EYcFNSUk
The Killers,0C0XlULifJtAgn6ZNCW2eu,Mr. Brightside,003vvx7Niy0yvhvHt4a68B
Linkin Park,6XyY86QOPPrYVGvF9ch6wz,In the End,60a0Rd6pjrkxjPbaKzXjfq
Gorillaz,3AA28KZvwAUcZuOKwyblJQ,Feel Good Inc.,0d28khcov6AiegSCpG5TuT
The White Stripes,4F84IBURUo98rz4r61KF70,Seven Nation Army,3dPQuX8Gs42Y7b454ybpMR
Eminem,7dGJo4pcD2V6oG8kP0tJRR,The Real Slim Shady,3yfqSUWxFvZELEM4PmlwIR
Coldplay,4gzpq5DPGxSnKTe4SA8HAU,The Scientist,75JFxkI2RXiU7L9VXzMkle
Foster The People,7gP3bB2nilZXLfPHJhMdvc,Pumped Up Kicks,7w87IxuO7BDcJ3YUqCyMTT
Linkin Park,6XyY86QOPPrYVGvF9ch6wz,Numb,2nLtzopw4rPReszdYBJU6h
The Game,0NbfKEOTQCcwd6o7wSDOHI,Hate It Or Love It,2wGSgTmgSF3xjRrHkTc25R
Lady Gaga,1HY2Jd0NmPuamShAr6KMms,Bad Romance,0SiywuOBRcynK0uKGWdCnn
Outkast,1G9G7WwrXka3Z1r7aIDjI7,Ms. Jackson,0I3q5fE6wg7LIfHGngUTnV
Coldplay,4gzpq5DPGxSnKTe4SA8HAU,Viva La Vida,1mea3bSkSGXuIRvnydlB5b
Nelly Furtado,2jw70GZXlAI8QzWeY2bgRc,Promiscuous,2gam98EZKrF9XuOkU13ApN
Eminem,7dGJo4pcD2V6oG8kP0tJRR,Till I Collapse,4xkOaSrkexMciUUogZKVTS
Train,3FUY2gzHeIiaesXtOAdB7A,"Hey, Soul Sister",4HlFJV71xXKIGcU3kRyttv
Evanescence,5nGIFgo0shDenQYSE0Sn7c,Bring Me To Life,0COqiPhxzoWICwFCS4eZcp
Daddy Yankee,4VMYDCV2IEDYJArk749S6m,Gasolina,228BxWXUYQPJrJYHDLOHkj
Coldplay,4gzpq5DPGxSnKTe4SA8HAU,Fix You,7LVHVU3tWfcxj5aiPFEW4Q
Eminem,7dGJo4pcD2V6oG8kP0tJRR,Stan,3UmaczJpikHgJFyBTAJVoz
Kings of Leon,2qk9voo8llSGYcZ6xrBzKx,Sex on Fire,0ntQJM78wzOLVeCUAW7Y45
Red Hot Chili Peppers,0L8ExT028jH3ddEcZwqJJ5,Can't Stop,3ZOEytgrvLwQaqXreDs2Jx
Outkast,1G9G7WwrXka3Z1r7aIDjI7,Hey Ya!,2PpruBYCo4H7WOBJ7Q2EwM
Akon,0z4gvV4rjIZ9wHck67ucSV,Smack That,2kQuhkFX7uSVepCD3h29g5
Kesha,6LqNN22kT3074XbTVUrhzX,TiK ToK,0HPD5WQqrq7wPWR7P7Dw1i
Coldplay,4gzpq5DPGxSnKTe4SA8HAU,Clocks,0BCPKOYdS2jbQ8iyB56Zns
Hoobastank,2MqhkhX4npxDZ62ObR5ELO,The Reason,77loZpT5Y5PRP1S451P9Yz
Flo Rida,0jnsk9HBra6NMjO2oANoPY,Low (feat. T-Pain),0CAfXk7DXMnon4gLudAp7J
Dr. Dre,6DPYiyq5kWVQS4RGwxzPC7,The Next Episode,4LwU4Vp6od3Sb08CsP99GC
Rihanna,5pKCCKE2ajJHZ9KAiaK11H,Disturbia,2VOomzT6VavJOGBeySqaMc
Nelly Furtado,2jw70GZXlAI8QzWeY2bgRc,Maneater,4wH4dJgrsxONID6KS2tDQM
Amy Winehouse,6Q192DXotxtaysaqNPy5yR,Back To Black,3FAclTFfvUuQYnEsptbK8w
Timbaland,5Y5TRrQiqgUO4S36tzjIRZ,The Way I Are,2bLqfJjuC5syrsgDsZfGmn
50 Cent,3q7HBObVc0L8jNeTe5Gofh,Candy Shop,5D2mYZuzcgjpchVY1pmTPh
Alicia Keys,3DiDSECUqqY1AuBP8qtaIa,If I Ain't Got You,3XVBdLihbNbxUwZosxcGuJ
Jimmy Eat World,3Ayl7mCk0nScecqOzvNp6s,The Middle,6GG73Jik4jUlQCkKg9JuGO
Papa Roach,4RddZ3iHvSpGV4dvATac9X,Last Resort,5W8YXBz9MTIDyrpYaCg2Ky
Taio Cruz,6MF9fzBmfXghAz953czmBC,Dynamite,2CEgGE6aESpnmtfiZwYlbV
Snow Patrol,3rIZMv9rysU7JkLzEaC5Jp,Chasing Cars,5hnyJvgoWiQUYZttV4wXy6
Rihanna,5pKCCKE2ajJHZ9KAiaK11H,Don't Stop The Music,0ByMNEPAPpOR5H69DVrTNy
Kendrick Lamar,2YZyLoL8N0Wb9xBt1NhZWg,Alright,3iVcZ5G6tvkXZkZKlMpIUs
The Fray,0zOcE3mg9nS6l3yxt1Y0bK,How to Save a Life,5fVZC9GiM4e8vu99W0Xf6J
Dr. Dre,6DPYiyq5kWVQS4RGwxzPC7,Forgot About Dre,7iXF2W9vKmDoGAhlHdpyIa
Avril Lavigne,0p4nmQO2msCgU4IF37Wi3j,Complicated,5xEM5hIgJ1jjgcEBfpkt2F
Nickelback,6deZN1bslXzeGvOLaLMOIF,How You Remind Me,0gmbgwZ8iqyMPmXefof8Yf
Rihanna,5pKCCKE2ajJHZ9KAiaK11H,Pon de Replay,4TsmezEQVSZNNPv5RJ65Ov
Black Eyed Peas,1yxSLGMDHlW21z4YXirZDS,Where Is The Love?,0xmjwnQ3FNE6HuWCt2nHdZ
Plain White T's,1g1yxsNVPhMUl9GrMjEb2o,Hey There Delilah,4RCWB3V8V0dignt99LZ8vH
Nelly Furtado,2jw70GZXlAI8QzWeY2bgRc,Say It Right,2aI21FnmY7TJVKeMaoQZ0t
Britney Spears,26dSoYclwsYLMAKD3tpOr4,Gimme More,6ic8OlLUNEATToEFU3xmaH
Sean Paul,3Isy6kedDrgPYoTS1dazA9,Temperature,0k2GOhqsrxDTAbFFSdNJjT
Franz Ferdinand,0XNa1vTidXlvJ2gHSsRi4A,Take Me Out,20I8RduZC2PWMWTDCZuuAN
Maroon 5,04gDigrS5kc9YWfZHwBETP,She Will Be Loved - Radio Mix,4llK75pXNWZz6KAho2Gp16
Owl City,07QEuhtrNmmZ0zEcqE9SF6,Fireflies,3DamFFqW32WihKkTVlwTYQ
Empire of the Sun,67hb7towEyKvt5Z8Bx306c,Walking On A Dream,5r5cp9IpziiIsR6b93vcnQ
My Chemical Romance,7FBcuc1gsnv6Y1nwFtNRCb,Welcome to the Black Parade,5wQnmLuC1W7ATsArWACrgW
Sean Kingston,6S0dmVVn4udvppDhZIWxCr,Beautiful Girls,1hGy2eLcmC8eKx7qr1tOqx
Foo Fighters,7jy3rLJdDQY21OgRLCZ9sD,The Pretender,7x8dCjCr0x6x2lXKujYD34
Britney Spears,26dSoYclwsYLMAKD3tpOr4,Oops!...I Did It Again,6naxalmIoLFWR0siv8dnQQ
Shaggy,5EvFsr3kj42KNv97ZEnqij,It Wasn't Me,3WkibOpDF7cQ5xntM1epyf
Estelle,5T0MSzX9RC5NA6gAI6irSn,American Boy,22UDw8rSfLbUsaAGTXQ4Z8
Fall Out Boy,4UXqAaa6dQYAk18Lv7PEgX,Thnks fr th Mmrs,3Zwu2K0Qa5sT6teCCHPShP
Justin Timberlake,31TPClRtHm23RisEBtV3X7,SexyBack (feat. Timbaland),0O45fw2L5vsWpdsOdXwNAR
Nelly,2gBjLmx6zQnFGQJCAQpRgw,Dilemma,0ARK753YaiJbpLUk7z5yIM
Usher,23zg3TcAtWQy7J6upgbUnj,My Boo,68vgtRHr7iZHpzGpon6Jlo
t.A.T.u.,2Q3eZMfDQgT8MhPowKFXYO,All The Things She Said,4bJygwUKrRgq1stlNXcgMg
Green Day,7oPftvlwr6VrsViSDV7fJY,Wake Me up When September Ends,3ZffCQKLFLUvYM59XKLbVm
Taylor Swift,06HL4z0CvFAxyc27GXpf02,I Knew You Were Trouble.,6FB3v4YcR57y4tXFcdxI1E
Fall Out Boy,4UXqAaa6dQYAk18Lv7PEgX,"Sugar, We're Goin Down",2TfSHkHiFO4gRztVIkggkE
Beyoncé,6vWDO969PvNqNYHIOW5v0m,Crazy In Love (feat. Jay-Z),5IVuqXILoxVWvWEPm82Jxr
Jay Sean,4pADjHPWyrlAF0FA7joK2H,Down,6cmm1LMvZdB5zsCwX5BjqE
Bruno Mars,0du5cEVh5yTK9QJze8zA0C,Grenade,2tJulUYLDKOg9XrtVkMgcJ
MGMT,0SwO7SWeDHJijQ3XNS7xEE,Kids,1jJci4qxiYcOHhQR247rEU
Stromae,5j4HeCoUlzhfWtjAfM1acR,Alors on danse - Radio Edit,2GYHyAoLWpkxLVa4oYTVko
JAY-Z,3nFkdlSjzX9mRTtwJOzDYB,Run This Town,7LR85XLWw2yXqKBSI5brbG
Soulja Boy,6GMYJwaziB4ekv1Y6wCDWS,Kiss Me Thru The Phone,2q4rjDy9WhaN3o9MvDbO21
Ne-Yo,21E3waRsmPlU7jZsS13rcj,So Sick,6brl7bwOHmGFkNw3MBqssT
Red Hot Chili Peppers,0L8ExT028jH3ddEcZwqJJ5,Dani California,10Nmj3JCNoMeBQ87uw5j8k
Timbaland,5Y5TRrQiqgUO4S36tzjIRZ,Apologize - feat. One Republic,6ucR4KfvsBFWCMVFDvyKKl
Modjo,0AkpPlFLnr0VQwZQeMGht0,Lady - Hear Me Tonight,49X0LAl6faAusYq02PRAY6
Toploader,6xeFne1rkxMhKSW3ipvkdV,Dancing in the Moonlight,3Fzlg5r1IjhLk2qRw667od
The Killers,0C0XlULifJtAgn6ZNCW2eu,When You Were Young,70wYA8oYHoMzhRRkARoMhU
Green Day,7oPftvlwr6VrsViSDV7fJY,Boulevard of Broken Dreams,5GorCbAP4aL0EJ16frG2hd
blink-182,6FBDaR13swtiWwGhX1WQsP,I Miss You,1AdYZ6X00nXmO613Y7GJOl
P!nk,1KCSPY1glIKqW2TotWuXOR,Raise Your Glass,1gv4xPanImH17bKZ9rOveR
Avril Lavigne,0p4nmQO2msCgU4IF37Wi3j,Sk8er Boi,00Mb3DuaIH1kjrwOku9CGU
Kings of Leon,2qk9voo8llSGYcZ6xrBzKx,Use Somebody,5VGlqQANWDKJFl0MBG3sg2
Rihanna,5pKCCKE2ajJHZ9KAiaK11H,Take A Bow,3goSVuTt3fDYDP6kRnFwuL
Corinne Bailey Rae,29WzbAQtDnBJF09es0uddn,Put Your Records On,2nGFzvICaeEWjIrBrL2RAx
MGMT,0SwO7SWeDHJijQ3XNS7xEE,Electric Feel,3FtYbEfBqAlGO46NUDQSAt
Fall Out Boy,4UXqAaa6dQYAk18Lv7PEgX,"Dance, Dance",0a7BloCiNzLDD9qSQHh5m7
Destiny's Child,1Y8cdNmUJH7yBTd9yOvr5i,Say My Name,7H6ev70Weq6DdpZyyTmUXk
Snoop Dogg,7hJcb9fa4alzcOq3EaNPoG,Drop It Like It's Hot,2NBQmPrOEEjA8VbeWOQGxO
Keane,53A0W3U0s8diEn9RhXQhVz,Somewhere Only We Know,0ll8uFnc0nANY35E0Lfxvg
P!nk,1KCSPY1glIKqW2TotWuXOR,So What,0JiY190vktuhSGN6aqJdrt
Chris Brown,7bXgB6jMjp9ATFy66eO08Z,Forever,3NZJlJemX3mzjf56MqC5ML
Mike Posner,2KsP6tYLJlTBvSUxnwlVWa,Cooler Than Me - Single Mix,2V4bv1fNWfTcyRJKmej6Sj
Britney Spears,26dSoYclwsYLMAKD3tpOr4,Womanizer,4fixebDZAVToLbUCuEloa2
Muse,12Chz98pHFMPJEknJQMWvI,Uprising,4VqPOruhp5EdPBeR92t6lQ
Foo Fighters,7jy3rLJdDQY21OgRLCZ9sD,Best of You,5FZxsHWIvUsmSK1IAvm2pp
3 Doors Down,2RTUTCvo6onsAnheUk3aL9,Here Without You,3NLrRZoMF0Lx6zTlYqeIo4
James Blunt,7KMqksf0UMdyA0UCf4R3ux,You're Beautiful,0vg4WnUWvze6pBOJDTq99k
Natasha Bedingfield,7o95ZoZt5ZYn31e9z1Hc0a,Unwritten,3U5JVgI2x4rDyHGObzJfNf
Miley Cyrus,5YGY8feqx7naU7z4HrwZM6,Party In The U.S.A.,5Q0Nhxo0l2bP3pNjpGJwV1
Katy Perry,6jJ0s89eD6GaHleKKya26X,Last Friday Night (T.G.I.F.),455AfCsOhhLPRc68sE01D8
Rise Against,6Wr3hh341P84m3EI8qdn9O,Savior,1vcxF91pWs9uNwDROuiCPB
Lady Gaga,1HY2Jd0NmPuamShAr6KMms,Poker Face,5R8dQOPq8haW94K7mgERlO
Taylor Swift,06HL4z0CvFAxyc27GXpf02,We Are Never Ever Getting Back Together,0VwNdo84DaVYLIkbVO86ND
Nelly,2gBjLmx6zQnFGQJCAQpRgw,Ride Wit Me,3Gf5nttwcX9aaSQXRWidEZ
Ne-Yo,21E3waRsmPlU7jZsS13rcj,Miss Independent,34ceTg8ChN5HjrqiIYCn9Q
Sean Paul,3Isy6kedDrgPYoTS1dazA9,Get Busy,5qTvkDrSfvwDv6RBjjcfQr
Norah Jones,2Kx7MNY7cI1ENniW7vT30N,Don't Know Why,1zNXF2svmdlNxfS5XeNUgr
Wheatus,4mYFgEjpQT4IKOrjOUKyXu,Teenage Dirtbag,25FTMokYEbEWHEdss5JLZS
Beyoncé,6vWDO969PvNqNYHIOW5v0m,Halo,4JehYebiI9JE8sR8MisGVb
Peter Bjorn and John,6u11Qbko2N2hP4lTBYjX86,Young Folks,4dyx5SzxPPaD8xQIid5Wjj
Madonna,6tbjWDEIzxoDsBA1FuhfPW,Hung Up,3850dYVgOFIXJh5U4BFEWH
Taylor Swift,06HL4z0CvFAxyc27GXpf02,You Belong With Me,1GEBsLDvJGw7kviySRI6GX
T.I.,4OBJLual30L7gRl5UkeRcT,Live Your Life,3jlbL2OTD5YmIunYzgQTAN
Avril Lavigne,0p4nmQO2msCgU4IF37Wi3j,Girlfriend,45hOioMDJktr86iKDHC8gr
Taio Cruz,6MF9fzBmfXghAz953czmBC,Break Your Heart,7ElF5zxOwYP4qVSWVvse3W
Shakira,0EmeFodog0BfCgMzAIvKQp,La Tortura (feat. Alejandro Sanz),5BSclXJTa9B0iURhUjZo50
Daniel Powter,7xTcuBOIAAIGDOSvwYFPzk,Bad Day,0mUyMawtxj1CJ76kn9gIZK
Amy Macdonald,1hJuGCUpefX24GFmss9bjH,This Is The Life,2T3jgoAMbBXiMMD8pSc6QL
Eve,4d3yvTptO48nOYTPBcPFZC,Let Me Blow Ya Mind,3RmKpob8xzv1pzHEQrMJah
The Killers,0C0XlULifJtAgn6ZNCW2eu,Human,1sTsuZTdANkiFd7T34H3nb
Nelly,2gBjLmx6zQnFGQJCAQpRgw,Hot In Herre,04KTF78FFg8sOHC1BADqbY
Shakira,0EmeFodog0BfCgMzAIvKQp,"Whenever, Wherever",2lnzGkdtDj5mtlcOW2yRtG
Amy Winehouse,6Q192DXotxtaysaqNPy5yR,"Valerie - Live At BBC Radio 1 Live Lounge, London / 2007",6nLvaCZFR1wEzW3sIKpsnr
Red Hot Chili Peppers,0L8ExT028jH3ddEcZwqJJ5,By the Way,1f2V8U1BiWaC9aJWmpOARe
Leona Lewis,5lKZWd6HiSCLfnDGrq9RAm,Bleeding Love,7wZUrN8oemZfsEd1CGkbXE
Flo Rida,0jnsk9HBra6NMjO2oANoPY,Right Round,3GpbwCm3YxiWDvy29Uo3vP
Bruno Mars,0du5cEVh5yTK9QJze8zA0C,Marry You,22PMfvdz35fFKYnJyMn077
Green Day,7oPftvlwr6VrsViSDV7fJY,21 Guns,64yrDBpcdwEdNY9loyEGbX
Seether,6B5c4sch27tWHAGdarpPaW,Fake It,4eAwB5pnKFTmsgc3zWoYO0
Britney Spears,26dSoYclwsYLMAKD3tpOr4,Circus,7jk7gqyEonmVVYahZN5zhW
The Calling,5aMmmNxw4vgpc5XC6hK0zp,Wherever You Will Go,5QpaGzWp0hwB5faV8dkbAz
Wizkid,3tVQdUvClmAT7URs9V3rsp,2 Sugar (feat. Ayra Starr),1DA2ADZs6O28y2rmdmpekw
Masego,3ycxRkcZ67ALN3GQJ57Vig,Say You Want Me,1xTYy3K3hiTcoZfoD7culn
NxWorries,6PEMFpe3PTOksdV4ZXUpbE,Where I Go (feat. H.E.R.),3MlQPB0wJuopo3NTZGlMpI
SZA,7tYKF4w9nC0nq9CsPZTHyP,Shirt,34ZAzO78a5DAVNrYIGWcPm
Babyface,3aVoqlJOYx31lH1gibGDt3,Liquor (with Ari Lennox),0Phy2m1BWmxCB56byt2qvh
SiR,3QTDHixorJelOLxoxcjqGx,Nothing Even Matters,1pJsmr01tzKnFfjeCvzcdc
Beyoncé,6vWDO969PvNqNYHIOW5v0m,CUFF IT,1xzi1Jcr7mEi9K2RfzLOqS
Chlöe,1FtBEIWAwvw5ymBen5GICR,For the Night,6y39UI6gdUexBGprn6pQo6
Mariah the Scientist,7HO5fOXE4gh3lzZn64tX2E,Spread Thin,4MbzauKV2ydtZZjLsPcuTF
Mahalia,16rCzZOMQX7P8Kmn5YKexI,Bag Of You,3X7aFBB2ja4QT2XEuxKCIA
Rihanna,5pKCCKE2ajJHZ9KAiaK11H,Lift Me Up - From Black Panther: Wakanda Forever - Music From and Inspired By,35ovElsgyAtQwYPYnZJECg
Ari Lennox,1vaQ6v3pOFxAIrFoPrAcom,Queen Space (with Summer Walker),2dOUErBzFZJ8l7MbV6FcYW
SAULT,1uRxRKC7d9zwYGSRflTKDR,Fight for Love,1LPQheJpIsG8rlUkCmZx2D
Wizkid,3tVQdUvClmAT7URs9V3rsp,Money & Love,3nIj7jkWVKKmmKPdhgrddu
Brent Faiyaz,3tlXnStJ1fFhdScmQeLpuG,ALL MINE,3XgGQ1wjo5khvq2UImjyNF
Jeremih,3KV3p5EY4AvKxOlhGHORLg,Changes,3noiPAHonb3coH4jSVM09i
dvsn,7e1ICztHM2Sc4JNLxeMXYl,Don't Take Your Love,35fBkyvLRrHKO4edE69LtA
Beyoncé,6vWDO969PvNqNYHIOW5v0m,PLASTIC OFF THE SOFA,6ufcuVInt0ocHrUimDjGlb
Chris Brown,7bXgB6jMjp9ATFy66eO08Z,Call Me Every Day (feat. Wizkid),0SSVi1ND8YAk5XpaHOePoo
Oxlade,3WTrdbZU99dgTtt3ZkyamT,KU LO SA - A COLORS SHOW,2WigMwGJysIh9fRnSJvpjn
Muni Long,7tjVFCxJdwT4NdrTmjyjQ6,The Words,5HMl6aG4uTWFo8TZvJ7pfn
Jessie Reyez,3KedxarmBCyFBevnqQHy3P,FOREVER (with 6LACK),2lVYLiHGIX6GajMqYXF1Un
Sonder,2ICR2m4hOBPhaYiZB3rnLW,Make Me Stay,3REQkt60mafExNVnJehMdL
Chris Brown,7bXgB6jMjp9ATFy66eO08Z,Under The Influence,5IgjP7X4th6nMNDh4akUHb
Summer Walker,57LYzLEk2LcFghVwuWbcuS,Karma,2Fyjjpg03fn7n5cj0Qm380
Alex Vaughn,24S5IyzXICyGscL4vYshdq,So Be It,4QzljsoizfscCExqa1CDWN
Ari Lennox,1vaQ6v3pOFxAIrFoPrAcom,Boy Bye (feat. Lucky Daye),0U8tC6UzgYePgOJT6Chlw9
Snoh Aalegra,1A9o3Ljt67pFZ89YtPPL5X,DO 4 LOVE,3FImu2LpSuH6gDHBuFgIbS
Kenyon Dixon,5AzjednUL6MFJP0dBic3be,Getting Late,4bYTTDFnNbakdU9NX8uMKj
Lucky Daye,5Vuvs6Py2JRU7WiFDVsI7J,Guess,51t119U9qFdDHorI8GpNPb
DESTIN CONRAD,4jwROPSUkTkohLCRiyjiZZ,DAYDREAM,2dsbZwFPMYhchakMgL72DD
Ambré,6gj3sMEZYP6IESIptoXnrP,I'm Baby (ft. Jvck James),2rZQC2Hwy4sClylYHg2MXI
Ashanti,5rkVyNGXEgeUqKkB5ccK83,Falling For You,1KgqMmNUqRdXqZhR4PXtg8
Ciara,2NdeV5rLm47xAvogXrYhJX,Better Thangs (with Summer Walker),5ToBvPG8kVJ70jXGvealFs
Bryson Tiller,2EMAnMvWE2eb56ToJVfCWs,Outside,4VY32hdU4byJ6cpEBAXRul
Brent Faiyaz,3tlXnStJ1fFhdScmQeLpuG,JACKIE BROWN,2IlT65thKQQw248mhk2PjQ
Pink Sweat$,1W7FNibLa0O0b572tB2w7t,Lay Up N’ Chill (feat. A Boogie Wit da Hoodie),6FxdAycUNPT8gHH5JhG2xI
Babyface,3aVoqlJOYx31lH1gibGDt3,Seamless (with Kehlani),2UqMwz0vqVDdkLHZrzSLOp
Ari Lennox,1vaQ6v3pOFxAIrFoPrAcom,Leak It (feat. Chlöe),42j49u8GO8zuWiDCbZq2W4
Ravyn Lenae,5RTLRtXjbXI2lSXc6jxlAz,Skin Tight (Alternate) [feat. Steve Lacy],4c16iHPk6g5XQavzEfDpld
John Legend,5y2Xq6xcjJb2jVM54GHK3t,Splash (feat. Jhené Aiko & Ty Dolla $ign),5Ip2VxpYt1dCD7MKmjrw52
Beyoncé,6vWDO969PvNqNYHIOW5v0m,HEATED,1w7cgGZR86yWz1pA2puVJD
Diddy,59wfkuBoNyhDMQGCljbUbA,Gotta Move On (feat. Bryson Tiller),3K9IrLs25jHtvWjAAFAfav
Muni Long,7tjVFCxJdwT4NdrTmjyjQ6,Plot Twist,17hfTG2AmDsmt2KmBVhV6d
Giveon,4fxd5Ee7UefO4CUXgwJ7IP,Make You Mine,7r1MqPAD09w24mCUUbxiCI
Arin Ray,6TvjXbopXg71XRM9OZWqUc,Bad Idea (feat. Blxst),0igni3l2TL5YMWiTa2b1Qb
SiR,3QTDHixorJelOLxoxcjqGx,Life Is Good (feat. Scribz Riley),4bxr2sOVZSLjIN7tQx53ir
Chlöe,1FtBEIWAwvw5ymBen5GICR,Surprise,3xcapG4WdzvsER4g70MjKc
Summer Walker,57LYzLEk2LcFghVwuWbcuS,Unloyal (with Ari Lennox),081Shn2hU3YxvQmGaCPegr
Alex Isley,7E2ioKxoxI2J94tUkIx6As,Such A Thing,7dAtplicSnwRymddH1qmpC
Brent Faiyaz,3tlXnStJ1fFhdScmQeLpuG,ROLLING STONE,0e0JshRej2NwT7jahEmv52
Drake,3TVXtAsR1Inumwj472S9r4,Rich Flex,1bDbXMyjaUIooNwFE9wn0N
Drake,3TVXtAsR1Inumwj472S9r4,Major Distribution,46s57QULU02Voy0Kup6UEb
Drake,3TVXtAsR1Inumwj472S9r4,Pussy & Millions (feat. Travis Scott),2KLwPaRDOB87XOYAT2fgxh
Taylor Swift,06HL4z0CvFAxyc27GXpf02,Anti-Hero,0V3wPSX9ygBnCm8psDIegu
Drake,3TVXtAsR1Inumwj472S9r4,On BS,34tz0eDhGuFErIuW3q4mPX
Drake,3TVXtAsR1Inumwj472S9r4,Spin Bout U,2ZL7WZcjuYKi1KUDtp4kCC
Drake,3TVXtAsR1Inumwj472S9r4,Privileged Rappers,7l2nxyx7IkBX5orhkALg0V
Drake,3TVXtAsR1Inumwj472S9r4,Circo Loco,7GeTsDIc5ykNB6lORO6Cee
Drake,3TVXtAsR1Inumwj472S9r4,BackOutsideBoyz,0wshkEEcJUQU33RSRBb5dv
Drake,3TVXtAsR1Inumwj472S9r4,Broke Boys,45pUWUeEWGoSdH6UF162G8
Drake,3TVXtAsR1Inumwj472S9r4,Hours In Silence,0sSRLXxknVTQDStgU1NqpY
Taylor Swift,06HL4z0CvFAxyc27GXpf02,Lavender Haze,5jQI2r1RdgtuT8S3iG8zFC
Taylor Swift,06HL4z0CvFAxyc27GXpf02,Midnight Rain,3rWDp9tBPQR9z6U5YyRSK4
Steve Lacy,57vWImR43h4CaDao012Ofp,Bad Habit,4k6Uh1HXdhtusDW5y8Gbvy
Taylor Swift,06HL4z0CvFAxyc27GXpf02,Maroon,3eX0NZfLtGzoLUxPNvRfqm
Drake,3TVXtAsR1Inumwj472S9r4,Treacherous Twins,4Flfb4fGscN9kXPOduQLrv
Drake,3TVXtAsR1Inumwj472S9r4,Middle of the Ocean,410TZrK18uRjtsTunG14cl
Taylor Swift,06HL4z0CvFAxyc27GXpf02,Karma,7KokYm8cMIXCsGVmUvKtqf
Sam Smith,2wY79sveU1sp5g7SokKOiI,Unholy (feat. Kim Petras),3nqQXoyQOWXiESFLlDF1hG
Taylor Swift,06HL4z0CvFAxyc27GXpf02,"You're On Your Own, Kid",4D7BCuvgdJlYvlX5WlN54t
Drake,3TVXtAsR1Inumwj472S9r4,Jumbotron Shit Poppin,2ZlABhxMMa43COmZ97kKsJ
Taylor Swift,06HL4z0CvFAxyc27GXpf02,Bejeweled,3qoftcUZaUOncvIYjFSPdE
Taylor Swift,06HL4z0CvFAxyc27GXpf02,Snow On The Beach (feat. Lana Del Rey),1wtOxkiel43cVs0Yux5Q4h
Drake,3TVXtAsR1Inumwj472S9r4,More M’s,29YW2xXlo6Pc6M0SBTCXYN
Joji,3MZsBdqDrRTJihTHQrO6Dq,Die For You,26hOm7dTtBi0TdpDGl141t
Taylor Swift,06HL4z0CvFAxyc27GXpf02,Vigilante Shit,1xwAWUI6Dj0WGC3KiUPN0O
Taylor Swift,06HL4z0CvFAxyc27GXpf02,Question...?,0heeNYlwOGuUSe7TgUD27B
Lil Uzi Vert,4O15NlyKLIASxsJ0PrXPfz,Just Wanna Rock,4FyesJzVpA39hbYvcseO2d
d4vd,5y8tKLUfMvliMe8IKamR32,Romantic Homicide,1xK59OXxi2TAAAbmZK0kBL
SZA,7tYKF4w9nC0nq9CsPZTHyP,Shirt,34ZAzO78a5DAVNrYIGWcPm
Drake,3TVXtAsR1Inumwj472S9r4,I Guess It’s Fuck Me,31bsuKDOzFGzBAoXxtnAJm
Taylor Swift,06HL4z0CvFAxyc27GXpf02,Mastermind,7FmYn9e7KHMXcxqGSj9LjH
Drake,3TVXtAsR1Inumwj472S9r4,Jimmy Cooks (feat. 21 Savage),3F5CgOj3wFlRv51JsHbxhe
Joji,3MZsBdqDrRTJihTHQrO6Dq,Glimpse of Us,4ewazQLXFTDC8XvCbhvtXs
21 Savage,1URnnhqYAYcrqrcwql10ft,3AM on Glenwood,1MTXYvJ9TSqg9x6WPCDx2n
Taylor Swift,06HL4z0CvFAxyc27GXpf02,Labyrinth,0A1JLUlkZkp2EFrosoNQi0
JVKE,164Uj4eKjl6zTBKfJLFKKK,golden hour,5odlY52u43F5BjByhxg7wg
Zach Bryan,40ZNYROS4zLfyyBSs2PGe2,Something in the Orange,3WMj8moIAXJhHsyLaqIIHI
Harry Styles,6KImCVD70vtIoJWnq6nGn3,As It Was,4Dvkj6JhhA12EX05fT7y2e
Taylor Swift,06HL4z0CvFAxyc27GXpf02,Sweet Nothing,0wavGRldH0AWyu2zvTz8zb
The Weeknd,1Xyo4u8uXC1ZmMpatF05PJ,Die For You,2LBqCSwhJGcFQeTHMVGwy3
Taylor Swift,06HL4z0CvFAxyc27GXpf02,"Would've, Could've, Should've",3pUa0ZxdSeaJXm0EIydD3F
Bad Bunny,4q3ewBCX7sLwd24euuV69X,Tití Me Preguntó,1IHWl5LamUGEuP4ozKQSXZ
Bad Bunny,4q3ewBCX7sLwd24euuV69X,Me Porto Bonito,6Sq7ltF9Qa7SNFBsV5Cogx
The Neighbourhood,77SW9BnxLY8rJ0RciFqkHh,Sweater Weather,2QjOHCTQ1Jl3zawyYOpxh6
Steve Lacy,57vWImR43h4CaDao012Ofp,Dark Red,3EaJDYHA0KnX88JvDhL9oa
David Guetta,1Cs0zKBU1kc0i8ypK3B9ai,I'm Good (Blue),4uUG5RXrOk84mYEfFvj3cK
Morgan Wallen,4oUHIQIBe0LHzYfvXNW4QM,You Proof,5uU1uuyaUIBOiiUSQG7Wl3
Taylor Swift,06HL4z0CvFAxyc27GXpf02,The Great War,5BYl3SodS3rGmafWXRWmB7
Future,1RyvyyTE3xzB2ZywiAwp0i,WAIT FOR U (feat. Drake & Tems),59nOXPmaKlBfGMDeOVGrIK
Zendaya,6sCbFbEjbYepqswM1vWjjs,Butterflies,1nV9EKNIAORTvadQ19jkik
J.Fla,2GbvMs4GBhcjd9d4N9sGUV,Shape of You,4M4h9xNOFpyDI3f2HZDXkg
Charli XCX,25uiPmTg16RbhZWAqwLBy5,Boys,5o4yGlG0PfeVUa6ClIyOxq
Meghan Trainor,6JL8zeS1NmiOftqZTRgdTz,Me Too,3KwwE4sgCzMaKWq6QBebmX
Tungevaag,49CE2ffZ6Z3zeYSDauSKck,Samsara (feat. Emila),04xLp87480JkyiHIiWgj8I
Cash Cash,1LOB7jTeEV14pHai6EXSzF,How to Love (feat. Sofia Reyes) - Boombox Cartel Remix,22S5BO6h7JIOjg2Uw88l8e
Fifth Harmony,1l8Fu6IkuTP0U5QetQJ5Xt,Worth It (feat. Kid Ink),41Fflg7qHiVOD6dEPvsCzO
Camila Cabello,4nDoRrQiYLoBzwC5BhVJzF,Havana (feat. Young Thug),0ofbQMrRDsUaVKq2mGLEAb
Tove Lo,4NHQUGzhtTLFvgF5SZesLK,Habits (Stay High),14OxJlLdcHNpgsm4DRwDOB
Tove Lo,4NHQUGzhtTLFvgF5SZesLK,Talking Body,4K2uH46kwmTFGjNlkeFuGI
Hailee Steinfeld,5p7f24Rk5HkUZsaS3BLG5F,You're Such A,3QTDzwSkRW04FVPo6COm0H
Dua Lipa,6M2wZ9GZgrQXHCFfjv46we,New Rules,2ekn2ttSfGqwhhate0LSR0
Charlie Puth,6VuMaDnrHyPL1p4EHjYLi7,How Long,32DGGj6KlNuBr6WaqRxpxi
Dua Lipa,6M2wZ9GZgrQXHCFfjv46we,IDGAF,76cy1WJvNGJTj78UqeA5zr
Imagine Dragons,53XhwfbYqKCa1cC15pYq2q,Thunder / Young Dumb & Broke (with Khalid) - Medley,7ER7vcy7u2ajg5IV45WBFw
Camila Cabello,4nDoRrQiYLoBzwC5BhVJzF,Never Be the Same,4eWQlBRaTjPPUlzacqEeoQ
DNCE,6T5tfhQCknKG4UnH90qGnz,Cake By The Ocean,76hfruVvmfQbw0eYn1nmeC
Mike Posner,2KsP6tYLJlTBvSUxnwlVWa,I Took A Pill In Ibiza - Seeb Remix,1MtUq6Wp1eQ8PC6BbPCj8P
Ariana Grande,66CXWjxzNUsdJxJ2JdwvnR,Side To Side,1pKeFVVUOPjFsOABub0OaV
Ariana Grande,66CXWjxzNUsdJxJ2JdwvnR,no tears left to cry,5SxkdsY1ufZzoq9iXceLw9
Lenka,5g3uG8zZZANGT6YOssgjfC,Trouble Is a Friend,0MAWbNUV19O14FZJYWg89o
Ingrid Michaelson,2vm8GdHyrJh2O2MfbQFYG0,Time Machine,3aR1FIPOWpQxo0sm6naVbK
Shivaree,34xAiSyQG6nlH0eZNLjbLW,Goodnight Moon,5jQPDVjgSGnNYl8G3H3qul
Saint Privat,7hrruNuPITt3N9zLMdbjGz,Poisson Rouge,73vUl3nSQf7SwSGDDkTKCd
Taylor Swift,06HL4z0CvFAxyc27GXpf02,The Story Of Us,19tHCfzUSoy5HkpxcmbA0A
Taylor Swift,06HL4z0CvFAxyc27GXpf02,I Knew You Were Trouble.,0ciHz919LVKoH4zgxyMPZ9
The Pretty Reckless,2R57sY41L9XvGPiIgHOaYq,Make Me Wanna Die,2opyAm6zOyjR0An5LkblfN
Carly Rae Jepsen,6sFIWsNpZYqfjUpaCgueju,Take A Picture,3cGFEZvzegmI9B7yZMCzq5
Troye Sivan,3WGpXCj9YhhfX11TToZcXP,My My My!,71T7xF5wLbDRg76jxAwDqA
Girls' Generation,0Sadg1vgvaPqGTOjxu0N6c,MR. TAXI (Original Title : Mr. Taxi),6BaZmJzvAtXx72MjSHSlbf
Girls' Generation,0Sadg1vgvaPqGTOjxu0N6c,Mr.Mr.,3JaMGQXJmtbAhvgl0nBPPN
Suzy,4U80LJd8sG6U9YTFP5izka,행복한 척 Pretend,2cOIDloNUHI8udXlT6dIMl
Nicki Minaj,0hCNtLu0JehylgoiP8L4Gh,Bed (feat. Ariana Grande),1ZEm9cJC05rawV2tptNfTS
Iggy Azalea,5yG7ZAZafVaAlMTeBybKAL,Fancy,3oiMJQAWVaxSubJ7b2VUtX
Iggy Azalea,5yG7ZAZafVaAlMTeBybKAL,Black Widow,7pNC5ZIKtwUK0ReSpM3P9f
Kesha,6LqNN22kT3074XbTVUrhzX,Blah Blah Blah (feat. 3OH!3),7jmqSz6yTrGWI1kNqNYI28
Taylor Swift,06HL4z0CvFAxyc27GXpf02,Dancing With Our Hands Tied,7I7JbDv63ZJJsSi24DyJrz
Lorde,163tK9Wjr9P9DmM0AVK7lm,Green Light,3I4QOvltiKcMu3xmnQjEct
Skylar Grey,4utLUGcTvOJFr6aqIJtYWV,Wear Me Out,66JdS5gBeVQbFzFFC82Q1B
Catherine Zeta-Jones,5i4JbHYkeCa702YXS68RGf,Cell Block Tango,6ig2r8kFzCLLRbF6t7cli3
Britney Spears,26dSoYclwsYLMAKD3tpOr4,Gimme More,6ic8OlLUNEATToEFU3xmaH
Kaci Battaglia,7HCPm8AkZIqGjQdAJR2ltC,Body Shots,2FYrAXEClfsOYtk7B9lK8x
Tinashe,0NIIxcxNHmOoyBx03SfTCD,2 On (feat. ScHoolboy Q),3jVtllWS5CFFWLQng8sKsr
Lana Del Rey,00FQb4jTyendYWaN8pK0wa,Diet Mountain Dew,4O9dZs2B0ilk4PEfX2bPEv
Lana Del Rey,00FQb4jTyendYWaN8pK0wa,Off To The Races,5IyblF777jLZj1vGHG2UD3
Lana Del Rey,00FQb4jTyendYWaN8pK0wa,Video Games,24jvD83UgLmrdGjhWTFslY
EXO,3cjEqqelV9zb4BYE3qDQ4O,CALL ME BABY,4jdiqVbH1eUwc4MzDV7GMu
Vanessa Carlton,5ILrArfIV0tMURcHJN8Q07,A Thousand Miles,4w1lzcaoZ1IC2K5TwjalRP
Hebe Tien,14bJhryXGk6H6qlGzwj3W5,寂寞寂寞就好,4LhAUjPqfLpBVNYEdPd5Go
Hebe Tien,14bJhryXGk6H6qlGzwj3W5,Contradiction,2b3IHKsCVeEO6T35tBPpuq
Hebe Tien,14bJhryXGk6H6qlGzwj3W5,He's Gone,2lmLoyUwFBWjzQbb4yiVjM
Hebe Tien,14bJhryXGk6H6qlGzwj3W5,You Better Not Think About Me,0mpo3w2SHXb3rsfepeG5Pr
Taylor Swift,06HL4z0CvFAxyc27GXpf02,I Did Something Bad,4svZDCRz4cJoneBpjpx8DJ
Halsey,26VFTg2z8YR0cCuwLzESi2,100 Letters,5EBvHC0SGFJDenBJafqOX4
Tori Kelly,1vSN1fsvrzpbttOYGsliDr,Hollow,160hN2OsDXnmgExwtG7cvD
Zara Larsson,1Xylc3o4UrD53lo9CvFvVg,I Can't Fall in Love Without You,4VPXFi4vFTtS9wHe6oMQaT
Elle King,3bhu7P5PfngueRHiB9hjcx,Ex's & Oh's,70eDxAyAraNTiD6lx2ZEnH
The Chainsmokers,69GGBxA162lTqCwzJG5jLp,Paris,15vzANxN8G9wWfwAJLLMCg
Carly Rae Jepsen,6sFIWsNpZYqfjUpaCgueju,Call Me Maybe,3TGRqZ0a2l1LRblBkJoaDx
Carly Rae Jepsen,6sFIWsNpZYqfjUpaCgueju,Curiosity,2xrK7AOAWok7NY4WuqeApq
Carly Rae Jepsen,6sFIWsNpZYqfjUpaCgueju,Tonight I’m Getting Over You,471JtpRQ0oox9OoZcbB8OO
Taylor Swift,06HL4z0CvFAxyc27GXpf02,Red,1RvQQGwaPipiNgz8RXAKA8
Hebe Tien,14bJhryXGk6H6qlGzwj3W5,魔鬼中的天使,2chz9PENZPB0VYNH1TsfsN
Taylor Swift,06HL4z0CvFAxyc27GXpf02,Getaway Car,0VE4kBnHJUgtMf0dy6DRmW
Selena Gomez,0C8ZW7ezQVs4URX5aX7Kqx,Bad Liar,2fZQIJew3nkNe99s2PKzul
Ellie Goulding,0X2BH1fck6amBIoJhDVmmJ,"Love Me Like You Do - From ""Fifty Shades Of Grey""",6NkRjdInQuM5qRgeYUDCZe
Avril Lavigne,0p4nmQO2msCgU4IF37Wi3j,I'm with You,1jlG3KJ3gdYmhfuySFfpO1
Lana Del Rey,00FQb4jTyendYWaN8pK0wa,Summertime Sadness,2dBwB667LHQkLhdYlwLUZK
Rixton,0kkxsdcaWmWU2yWAqclDh4,Me And My Broken Heart,41Ypl7Pzkod2H0VlcZH5DS
Sia,5WUlDfRSoLAfcVSX1WnrxN,Elastic Heart,6kwAbEjseqBob48jCus7Sz
Christina Perri,7H55rcKCfwqkyDFH9wpKM6,A Thousand Years,6lanRgr6wXibZr8KgzXxBl
Charli XCX,25uiPmTg16RbhZWAqwLBy5,Boom Clap,63bniwRWWFGoasyhX2eQHJ
Rihanna,5pKCCKE2ajJHZ9KAiaK11H,Love The Way You Lie (Part II) - Pt. 2,6M6lsQB4OhqL41eld29PeC
Taylor Swift,06HL4z0CvFAxyc27GXpf02,You're Not Sorry,7zen3j1316Tsk5iEZuDOft
Avril Lavigne,0p4nmQO2msCgU4IF37Wi3j,Complicated,3y5CBsjVJldSHS3NS7Ifbz
Katy Perry,6jJ0s89eD6GaHleKKya26X,The One That Got Away,4uQY80TKE1u4ZQZQKHzVEi
Selena Gomez,0C8ZW7ezQVs4URX5aX7Kqx,Same Old Love,7jv4Mb21bdd9SDVOm9Fm9l
Melanie Martinez,63yrD80RY3RNEM2YDpUpO8,Cry Baby,052vSBPxqdmYRDlkSPiavc
Melanie Martinez,63yrD80RY3RNEM2YDpUpO8,Carousel,5nHTLEJ10zaqdnKqLriah4
Melanie Martinez,63yrD80RY3RNEM2YDpUpO8,Soap,03f7xZmt2wHCIDJBFPK8G4
Melanie Martinez,63yrD80RY3RNEM2YDpUpO8,Training Wheels,3EGW6TGGbdk6Ys1Y3HU3lj
G-Eazy,02kJSzxNuaWGqwubyUba0Z,"Me, Myself & I",40YcuQysJ0KlGQTeGUosTC
MARINA,6CwfuxIqcltXDGjfZsMd9A,Primadonna,5tFMuAw6X2R4NLx97g7n9q
Becky G,4obzFoKoKRHIphyHzJ35G3,Shower,3DmW6y7wTEYHJZlLo1r6XJ
Hailee Steinfeld,5p7f24Rk5HkUZsaS3BLG5F,Love Myself,0xCmwofyCiXdhoBsMSNj2w
Justin Bieber,1uNFoZAHBGtllmzznpCI3s,Love Yourself,50kpGaPAhYJ3sGmk6vplg0
Twenty One Pilots,3YQKmKGau1PzlVlkL1iodx,Stressed Out,3CRDbSIZ4r5MsZ0YwxuEkn
Zella Day,100sLnojEpcadRx4edEBA6,Hypnotic,2zsWRxMcUdGjj8TnWkVKw0
Sia,5WUlDfRSoLAfcVSX1WnrxN,Cheap Thrills,27SdWb2rFzO6GWiYDBTD9j
The Chainsmokers,69GGBxA162lTqCwzJG5jLp,Don't Let Me Down,1i1fxkWeaMmKEB4T7zqbzK
Halsey,26VFTg2z8YR0cCuwLzESi2,Haunting,6onmpB4WJxFj2oPR9vHVK9
The Chainsmokers,69GGBxA162lTqCwzJG5jLp,Closer,7BKLCZ1jbUBVqRi2FVlTVw
Calvin Harris,7CajNmpbOovFoOoasH2HaY,This Is What You Came For,0azC730Exh71aQlOt9Zj3y
Taylor Swift,06HL4z0CvFAxyc27GXpf02,Bad Blood,273dCMFseLcVsoSWx59IoE
Taylor Swift,06HL4z0CvFAxyc27GXpf02,Look What You Made Me Do,2VjtYe7gpfUi2OkGxR2O2z
Taylor Swift,06HL4z0CvFAxyc27GXpf02,...Ready For It?,7zgqtptZvhf8GEmdsM2vp2
Selena Gomez,0C8ZW7ezQVs4URX5aX7Kqx,Wolves,7EmGUiUaOSGDnUUQUDrOXC
Selena Gomez & The Scene,6dJeKm76NjfXBNTpHmOhfO,Who Says,3TcL0dyCMyr0kyTTc4NLgI
Sia,5WUlDfRSoLAfcVSX1WnrxN,Big Girls Cry,7zE6pyXLjUCOy8PG0UL5SZ
Rihanna,5pKCCKE2ajJHZ9KAiaK11H,Disturbia,2VOomzT6VavJOGBeySqaMc
Iron & Wine,4M5nCE77Qaxayuhp3fVn4V,"Flightless Bird, American Mouth",6iWwfN1euztxZi1OK38HbU
Emma Stone,68Uwx1d3EbjDJhYsLjqvIq,Someone In The Crowd,39ncDMVidHOeQgeC5anYZM
Ryan Gosling,6kXm2YCtdUOpRYNKeKhfue,City Of Stars,5BMwpS4iYKR30kq9U9beaT
Emma Stone,68Uwx1d3EbjDJhYsLjqvIq,Audition (The Fools Who Dream),6j0wBBAP3hMe4t1Ymj7GIe
Ryan Gosling,6kXm2YCtdUOpRYNKeKhfue,"City Of Stars - From ""La La Land"" Soundtrack",6XQHlsNu6so4PdglFkJQRJ
Lykke Li,6oBm8HB0yfrIc9IHbxs6in,Possibility,39Odj4vLKRarATkCA31gaW
Britney Spears,26dSoYclwsYLMAKD3tpOr4,Toxic,6I9VzXrHxO9rA9A5euc8Ak
Britney Spears,26dSoYclwsYLMAKD3tpOr4,Circus,7jk7gqyEonmVVYahZN5zhW
The Pretty Reckless,2R57sY41L9XvGPiIgHOaYq,Heaven Knows,04w73SmPfQkkmEpKbcrHOL
RADWIMPS,1EowJ1WwkMzkCkRomFhui7,Nandemonaiya - Movie Version,7uyGWnfd6fcrFHtWxcM2ke
Selena Gomez,0C8ZW7ezQVs4URX5aX7Kqx,The Heart Wants What It Wants,2dRvMEW4EwySxRUtEamSfG
Alessia Cara,2wUjUUtkb5lvLKcGKsKqsR,Here,1wYZZtamWTQAoj8B812uKQ
Taylor Swift,06HL4z0CvFAxyc27GXpf02,Style,1fo2ctLqj3zBhRQKOXprol
Katy Perry,6jJ0s89eD6GaHleKKya26X,I Kissed A Girl,7hgD1cfgQRBNBSkjePPbxn
Katy Perry,6jJ0s89eD6GaHleKKya26X,Teenage Dream,3RBtvz2yV6YKfmBIIC3Ioc
Ariana Grande,66CXWjxzNUsdJxJ2JdwvnR,Focus,1cdzfFjEbUbgTm5nv3FgXR
Ariana Grande,66CXWjxzNUsdJxJ2JdwvnR,Problem,7vS3Y0IKjde7Xg85LWIEdP
Ariana Grande,66CXWjxzNUsdJxJ2JdwvnR,Best Mistake,70yhaHLp9STtzI2Kzba6Tr
Ariana Grande,66CXWjxzNUsdJxJ2JdwvnR,Break Your Heart Right Back,0HGcQDbRen8luCnwH53sNl
Ariana Grande,66CXWjxzNUsdJxJ2JdwvnR,Love Me Harder,5J4ZkQpzMUFojo1CtAZYpn
Ariana Grande,66CXWjxzNUsdJxJ2JdwvnR,Hands On Me,1rNop31kdDmSj3Ds6xhIeS
Ariana Grande,66CXWjxzNUsdJxJ2JdwvnR,Santa Tell Me,0lizgQ7Qw35od7CYaoMBZb
Rene Liu,6qzfo7jiO4OrhxrvPFPlWX,成全,34GSbu5gyOvcRYb8H06hZC
G.E.M.,7aRC4L63dBn3CiLDuWaLSI,你把我灌醉,29vGqKBqhLRerm8exDuLe1
G.E.M.,7aRC4L63dBn3CiLDuWaLSI,後會無期,5jSuSxPNY1BOQjjnGnyrEw
Little Mix,3e7awlrlDSwF3iM0WBjGMp,No More Sad Songs (feat. Machine Gun Kelly),1NXDq5UBby80GsRNjGXVwE
Jolin Tsai,1r9DuPTHiQ7hnRRZ99B8nL,Play我呸,18ImQnN3yZxL6vDQiOvata
Charlie Puth,6VuMaDnrHyPL1p4EHjYLi7,We Don't Talk Anymore (feat. Selena Gomez),37FXw5QGFN7uwwsLy8uAc0
Julia Michaels,0ZED1XzwlLHW4ZaG4lOT6m,Issues,7vu0JkJh0ldukEYbTVcqd0
Ariana Grande,66CXWjxzNUsdJxJ2JdwvnR,God is a woman,7gkWXbAxIYuvtOpcN3p9GJ
Selena Gomez,0C8ZW7ezQVs4URX5aX7Kqx,Good For You,578Eooad7oUyn4stovZiPg
Ariana Grande,66CXWjxzNUsdJxJ2JdwvnR,Baby I,6EIsMa5lbvljYxqCkjZVDi
Ariana Grande,66CXWjxzNUsdJxJ2JdwvnR,Honeymoon Avenue,2ofOe2OaXFpZF5ETbsc7Qu
Ariana Grande,66CXWjxzNUsdJxJ2JdwvnR,Right There,3yiopxxeHuwcpAg4e57Zjt
Ariana Grande,66CXWjxzNUsdJxJ2JdwvnR,The Way,06EL94D0TA27Ik0Ke5usbj
MIKA,5MmVJVhhYKQ86izuGHzJYA,Popular Song,3iugMJEdfE58OpI7WGM38w
Ariana Grande,66CXWjxzNUsdJxJ2JdwvnR,Better Left Unsaid,5Pnny78GESkBSLnxFmhRYZ
Shawn Mendes,7n2wHs1TKAczGzO7Dd2rGr,Never Be Alone,6wQSrFnJYm3evLsavFeCVT
Shawn Mendes,7n2wHs1TKAczGzO7Dd2rGr,Stitches,4dLMVmmQC74C4p3AWdwhff
Selena Gomez,0C8ZW7ezQVs4URX5aX7Kqx,Fetish (feat. Gucci Mane),4lnAN2S1fcI0SjxEbksZVr
Julia Michaels,0ZED1XzwlLHW4ZaG4lOT6m,Uh Huh,0oiKDZUxZn9i4jCCDmbTM2
Ariana Grande,66CXWjxzNUsdJxJ2JdwvnR,the light is coming (feat. Nicki Minaj),5iZ4hcpCgFVijq5OOjBTKZ
Twenty One Pilots,3YQKmKGau1PzlVlkL1iodx,Jumpsuit,6cQnrSlTxhHCCiUpKrs7g3
Twenty One Pilots,3YQKmKGau1PzlVlkL1iodx,Nico And The Niners,6ZIuit0z4eQg77F1RGkp0L
Twenty One Pilots,3YQKmKGau1PzlVlkL1iodx,Heathens,6i0V12jOa3mr6uu4WYhUBr
Twenty One Pilots,3YQKmKGau1PzlVlkL1iodx,Ride,2Z8WuEywRWYTKe1NybPQEW
Twenty One Pilots,3YQKmKGau1PzlVlkL1iodx,Fairly Local,1s9xuJxhYM0LdVqksjegcg
Twenty One Pilots,3YQKmKGau1PzlVlkL1iodx,Tear in My Heart,3bnVBN67NBEzedqQuWrpP4
Twenty One Pilots,3YQKmKGau1PzlVlkL1iodx,Heavydirtysoul,7i9763l5SSfOnqZ35VOcfy
Twenty One Pilots,3YQKmKGau1PzlVlkL1iodx,Car Radio,5cbpoIu3YjoOwbBDGUEp3P
Jolin Tsai,1r9DuPTHiQ7hnRRZ99B8nL,倒帶,4XipvtwRgtUrGb2j2l0wNG
Jesse McCartney,2Hjj68yyUPiC0HKEOigcEp,Beautiful Soul,1HwpWwa6bnqqRhK8agG4RS
Jesse McCartney,2Hjj68yyUPiC0HKEOigcEp,She's No You,3bcVpuuWgAUQZri3FgpfNX
Cody Simpson,79Xp2rRN7wdsaTJgttdX3K,Pretty Brown Eyes,5BHWQ78pw9yIjIWa6p1z6G
Cody Simpson,79Xp2rRN7wdsaTJgttdX3K,Summertime of Our Lives,5TGZ9gUY5LoJLxDg7B5H7w
Taylor Swift,06HL4z0CvFAxyc27GXpf02,Enchanted,10eBRyImhfqVvkiVEGf0N0
Kesha,6LqNN22kT3074XbTVUrhzX,TiK ToK,5OMwQFBcte0aWFJFqrr5oj
Kesha,6LqNN22kT3074XbTVUrhzX,Die Young,6mnjcTmK8TewHfyOp3fC9C
Kesha,6LqNN22kT3074XbTVUrhzX,Your Love Is My Drug,4AboqNl74jNDpJhPfqYDmj
Kesha,6LqNN22kT3074XbTVUrhzX,We R Who We R,0Ji2g9AlYLVHAMG5PJoHPU
Kesha,6LqNN22kT3074XbTVUrhzX,Sleazy,7GS7uK7mPdnIOqbgEwg9br
DEV,7Ip2u3e5Nv6fFb5xyIHxEE,In The Dark,1pbHy9VBpSyZh56xuujZz0
DEV,7Ip2u3e5Nv6fFb5xyIHxEE,Bass Down Low,4Xf7EL8G6FRYwvJADl0nf4
DEV,7Ip2u3e5Nv6fFb5xyIHxEE,Naked,6pbEAwYTQs2PK4JCmy2lTY
DEV,7Ip2u3e5Nv6fFb5xyIHxEE,Getaway,0UNFdtIwAwdpizILavUlnV
DEV,7Ip2u3e5Nv6fFb5xyIHxEE,Dancing Shoes,0kpLgc5YwuDzjcjTL1VIyT
DEV,7Ip2u3e5Nv6fFb5xyIHxEE,Perfect Match,3sGtfsrQkyfwPua4UiuBD6
Far East Movement,698hF4vcwHwPy8ltmXermq,Like A G6,4DvhkX2ic4zWkQeWMwQ2qf
Nicole Scherzinger,40xbWSB4JPdOkRyuTDy1oP,Whatever U Like - Vocals Up,7azjTELs8D258z1Y1IGzSi
Billie Eilish,6qqNVTkY8uBg9cP3Jd7DAH,you should see me in a crown,6vsV4D8BM6PioRr1UOx0n2
Pitbull,0TnOYISbd1XYRBk9myaseg,Timber (feat. Ke$ha),3cHyrEgdyYRjgJKSOiOtcS
Pitbull,0TnOYISbd1XYRBk9myaseg,Fireball (feat. John Ryan),4Y7XAxTANhu3lmnLAzhWJW
Pitbull,0TnOYISbd1XYRBk9myaseg,Don't Stop the Party (feat. TJR),3Tu7uWBecS6GsLsL8UONKn
Pitbull,0TnOYISbd1XYRBk9myaseg,Hotel Room Service,32yIEFS62uS5ryhr2Xlooj
Carly Rae Jepsen,6sFIWsNpZYqfjUpaCgueju,This Kiss,7cWLl1E5iMvqIVhpmtUp6k
Carly Rae Jepsen,6sFIWsNpZYqfjUpaCgueju,More Than A Memory,61U2J5A1KkXsANbGk45S4l
Peter Bjorn and John,6u11Qbko2N2hP4lTBYjX86,Young Folks,6M6UoxIPn4NOWW0x7JPRfv
Spice Girls,0uq5PttqEjj3IH1bzwcrXF,Wannabe,1Je1IMUlBXcx1Fz0WE7oPT
Sia,5WUlDfRSoLAfcVSX1WnrxN,I'm In Here,3R2FxfQsTs5Ei2twCe339s
Hebe Tien,14bJhryXGk6H6qlGzwj3W5,Learning from Drunk,3GcgQrQ1yx3NSCYQ8wskNG
Carly Rae Jepsen,6sFIWsNpZYqfjUpaCgueju,Sweetie,2uxnPcTJa2UExlj1LwYZp6
Jason Derulo,07YZf4WDAMNwqr4jfgOZ8y,Talk Dirty (feat. 2 Chainz),6g6A7qNhTfUgOSH7ROOxTD
Lenka,5g3uG8zZZANGT6YOssgjfC,Two,6V9oJaowRGXbJ5fkkar6KG
Lenka,5g3uG8zZZANGT6YOssgjfC,Heart Skips A Beat,6mKcOe06yuwMIWaJQRtftw
Lily Allen,13saZpZnCDWOI9D4IJhp1f,Fuck You,5st5644IlBmKiiRE73UsoZ
Timbaland,5Y5TRrQiqgUO4S36tzjIRZ,Apologize,24nRdDUUIdM2mv1YdwMdu6
Justin Timberlake,31TPClRtHm23RisEBtV3X7,Cry Me a River,7Lf7oSEVdzZqTA0kEDSlS5
Selena Gomez,0C8ZW7ezQVs4URX5aX7Kqx,Kill Em With Kindness,7KxhSJOYiqCDclXDBNlFSZ
Selena Gomez & The Scene,6dJeKm76NjfXBNTpHmOhfO,Naturally,1YaVmBh7EAeR54FIjuFcb5
Selena Gomez,0C8ZW7ezQVs4URX5aX7Kqx,Back To You - From 13 Reasons Why – Season 2 Soundtrack,4hQ6UGyWQIGJmHSo0J88JW
Selena Gomez & The Scene,6dJeKm76NjfXBNTpHmOhfO,Bang Bang Bang,1P5RYVvxPVrzonLqAC8uxk
Selena Gomez & The Scene,6dJeKm76NjfXBNTpHmOhfO,Hit The Lights,6ciLLh4TkPYDUfNxn2Z0KO
Selena Gomez & The Scene,6dJeKm76NjfXBNTpHmOhfO,Outlaw,2SGMSZjsT9516hW4xyjykB
Fitz and The Tantrums,4AcHt3JxKy59IX7JNNlZn4,HandClap,4qRaZYiaOsSvWC7VgcxrI0
Taylor Swift,06HL4z0CvFAxyc27GXpf02,Fifteen,4t0OI7XrODjSkAu3bTPmWj
Justin Bieber,1uNFoZAHBGtllmzznpCI3s,Beauty And A Beat,0KTsmr6JOuhxZuiXUha1xC
Justin Bieber,1uNFoZAHBGtllmzznpCI3s,As Long As You Love Me,4rvtlpAeDuOn4baUJPCEhy
Justin Bieber,1uNFoZAHBGtllmzznpCI3s,Right Here,6SKxEiP89WRgniJuQ5gR94
Justin Bieber,1uNFoZAHBGtllmzznpCI3s,Die In Your Arms,6RgSSndg8PUH2UcaCgia5V
Justin Bieber,1uNFoZAHBGtllmzznpCI3s,Be Alright,0Ff2HEyq4Ja4Acb0n180DP
Justin Bieber,1uNFoZAHBGtllmzznpCI3s,Believe,6akbXZeXdrWWsG77ZD3cuD
Justin Bieber,1uNFoZAHBGtllmzznpCI3s,Catching Feelings,0XjaTaW5zEKoASxbdzHHAx
Justin Bieber,1uNFoZAHBGtllmzznpCI3s,Take You,2m7DhPeRvWtFSPTVSLO8SV
Justin Bieber,1uNFoZAHBGtllmzznpCI3s,Heartbreaker,2GCKWEsbb0Xo1oodTOKVi1
Justin Bieber,1uNFoZAHBGtllmzznpCI3s,All That Matters,6CLVh9sekZ1p2G8Tfhhj8h
Justin Bieber,1uNFoZAHBGtllmzznpCI3s,All Bad,3JNEXPTnSxqlxNqhTW61D2
Justin Bieber,1uNFoZAHBGtllmzznpCI3s,Roller Coaster,18ws4dUbhpoGB7Uv7U89yp
Justin Bieber,1uNFoZAHBGtllmzznpCI3s,Baby,6epn3r7S14KUqlReYr77hA
Justin Bieber,1uNFoZAHBGtllmzznpCI3s,Somebody To Love,3rLIv187BhjyweFe89SgLn
Justin Bieber,1uNFoZAHBGtllmzznpCI3s,Stuck In The Moment,1DyV9obL0pPibOjW5ufg15
Justin Bieber,1uNFoZAHBGtllmzznpCI3s,U Smile,6Xw2FLih8m5ItDbyP992HH
Justin Bieber,1uNFoZAHBGtllmzznpCI3s,Runaway Love,1xgN9KBVVoTNygpYjpXnvH
Justin Bieber,1uNFoZAHBGtllmzznpCI3s,Never Let You Go,01BlGnXpLuC0BjgUxVYZFb
Justin Bieber,1uNFoZAHBGtllmzznpCI3s,Overboard,1tzkJMX3gNjnpcHdLD0pM3
Justin Bieber,1uNFoZAHBGtllmzznpCI3s,Eenie Meenie,75vEuMA15pb8JmgrGugHEs
Justin Bieber,1uNFoZAHBGtllmzznpCI3s,Up,7wj1Lb5ggzMWJ9TqZJ2dwo
Justin Bieber,1uNFoZAHBGtllmzznpCI3s,That Should Be Me,0aPZbnkMoWJaJ5CNVLCj8S
Justin Bieber,1uNFoZAHBGtllmzznpCI3s,Mistletoe,7xapw9Oy21WpfEcib2ErSA
Justin Bieber,1uNFoZAHBGtllmzznpCI3s,All I Want For Christmas Is You (SuperFestive!) Duet with Mariah Carey,1IUtgwxLYzDVd41EgbKUjX
Justin Bieber,1uNFoZAHBGtllmzznpCI3s,All I Want Is You,0E4rAAAzRPE8I7tYzNq99p
Justin Bieber,1uNFoZAHBGtllmzznpCI3s,Never Say Never,5GYbkDveRD2I8M5ZJ14hWn
Britney Spears,26dSoYclwsYLMAKD3tpOr4,Womanizer,4fixebDZAVToLbUCuEloa2
Britney Spears,26dSoYclwsYLMAKD3tpOr4,If U Seek Amy,2hdy9Wt9qp7M7d0U3ossu2
Black Eyed Peas,1yxSLGMDHlW21z4YXirZDS,Just Can’t Get Enough,3JA9Jsuxr4xgHXEawAdCp4
Molly Sandén,0NRMzT05nsc8mTm4iUvuHY,Why Am I Crying,51aG912WH7j8W1m3QI4bHn
Andrew Lloyd Webber,4aP1lp10BRYZO658B2NwkG,The Phantom Of the Opera - From 'The Phantom Of The Opera' Motion Picture,4EaBMhUIOfnFEbIgqCfKbi
Taylor Swift,06HL4z0CvFAxyc27GXpf02,Begin Again,0L4YCNRfXAoTvdpWeH2RGj
Taylor Swift,06HL4z0CvFAxyc27GXpf02,22,2ULNeSomDxVNmdDy8VxEBU
Taylor Swift,06HL4z0CvFAxyc27GXpf02,We Are Never Ever Getting Back Together,7AEAGTc8cReDqcbPoY9gwo
A Fine Frenzy,5dTYaRzOn4rXGBLH052EeQ,Almost Lover,3GSYWQNnSdovwC2H8HpziA
The Vamps,7gAppWoH7pcYmphCVTXkzs,All Night,0dXNQ8dckG4eYfEtq9zcva
Zedd,2qxJFvFYMEDqd7ui6kSAcq,The Middle,09IStsImFySgyp0pIQdqAc
DEV,7Ip2u3e5Nv6fFb5xyIHxEE,Getaway,3ggRsGsgdpvMlPtFEZ83vp
Daya,6Dd3NScHWwnW6obMFbl1BH,"Sit Still, Look Pretty",0EGuSSpuu9wmHCtvb4PdLO
A Flock Of Seagulls,0uAjBatvB4ubpd4kCfjmNt,I Ran,10zlwR7kvVbD9OBkeZWr3L
Eleni Karaindrou,2ojmPypSGMyKaRvknyxKKP,Eternity And A Day: 2. By The Sea,595G0No6FI82sWWsbsQEoX
Hebe Tien,14bJhryXGk6H6qlGzwj3W5,自己的房間,2tNiV2AYBlb1NgHXoAUyED
Eason Chan,2QcZxAgcs2I1q7CtCkl6MI,十年,25pWemriUQVrZ3yIiS2IBf
ZAYN,5ZsFI1h6hIdQRw2ti0hz81,PILLOWTALK,0IKK48xF4eEdfofyaeKWWO
Eminem,7dGJo4pcD2V6oG8kP0tJRR,Rap God,6or1bKJiZ06IlK0vFvY75k
Eminem,7dGJo4pcD2V6oG8kP0tJRR,Space Bound,0sHW1jXe6Sou3437gJQNGA
Eminem,7dGJo4pcD2V6oG8kP0tJRR,Love The Way You Lie,15JINEqzVMv3SvJTAXAKED
Eminem,7dGJo4pcD2V6oG8kP0tJRR,Beautiful,1HR2CTi0ytRJIcik1QKdOa
Eminem,7dGJo4pcD2V6oG8kP0tJRR,Crack A Bottle,4dK00wCxlqWEeN8BoM1BHT
Eminem,7dGJo4pcD2V6oG8kP0tJRR,Like Toy Soldiers,1U49kGdfMaoMSBWreMVWmK
Eminem,7dGJo4pcD2V6oG8kP0tJRR,Rain Man,2AuU35arXZdYoscOIxHWSc
Vazquez Sounds,7M5Z4j6N9k2Jd3CukFUv5e,Rolling in the Deep,5ItpwLOgLKmCV1caENPmIB
Vazquez Sounds,7M5Z4j6N9k2Jd3CukFUv5e,All I Want for Christmas Is You,10avizu2eFpmz90oweAJdp
Vazquez Sounds,7M5Z4j6N9k2Jd3CukFUv5e,Forget You,5ym2AFr59J1WOgCpdGqGN8
Vazquez Sounds,7M5Z4j6N9k2Jd3CukFUv5e,The Show,0cz0p1TUwcF7xqPVlI2EUX
Ariana Grande,66CXWjxzNUsdJxJ2JdwvnR,Tattooed Heart,5yxghrFKJbU7pcaUFEv1Sg
Hebe Tien,14bJhryXGk6H6qlGzwj3W5,Insignificance,6HfomODkY1fsoJRgvIHVeE
DEV,7Ip2u3e5Nv6fFb5xyIHxEE,Kiss My Lips,6djvOSgu4IvgIghmDPJyEn
Ariana Grande,66CXWjxzNUsdJxJ2JdwvnR,Piano,1xCqIXCApBgcjwRLostpKl
Stefanie Sun,0SIXZXJCAhNU8sxK0qm7hn,克卜勒,15tD731GK0VYsmd1Im4C7q
G.E.M.,7aRC4L63dBn3CiLDuWaLSI,泡沫,2IfSPLPDW6RGosdB5huwAA
Ronghao Li,0rTP0x4vRFSDbhtqcCqc8K,李白,5PwyWoebyv4ofg4Z5MprFd
Selena Gomez & The Scene,6dJeKm76NjfXBNTpHmOhfO,Round & Round,5RhxBpoCwX2vLBcSJzYa5j
Britney Spears,26dSoYclwsYLMAKD3tpOr4,Criminal,6T689Jvh5KrSXyaPtUWZtQ
One Direction,4AK6F7OLvEQ5QYCBNiQWHq,What Makes You Beautiful,03oZejWqXLbKhhM4iTgShq
One Direction,4AK6F7OLvEQ5QYCBNiQWHq,Gotta Be You,3UT493iwo6kvyL18zvAJE5
One Direction,4AK6F7OLvEQ5QYCBNiQWHq,One Thing,6tKW2g2So84pCTZXE0Furx
One Direction,4AK6F7OLvEQ5QYCBNiQWHq,Live While We're Young,6aGjEZ7kq3YXgD0EDt80O5
One Direction,4AK6F7OLvEQ5QYCBNiQWHq,Kiss You,0AkQbXGN4KG34TS7xLrM68
One Direction,4AK6F7OLvEQ5QYCBNiQWHq,Story of My Life,4nVBt6MZDDP6tRVdQTgxJg
One Direction,4AK6F7OLvEQ5QYCBNiQWHq,Steal My Girl,2Bs4jQEGMycglOfWPBqrVG
One Direction,4AK6F7OLvEQ5QYCBNiQWHq,Drag Me Down,2K87XMYnUMqLcX3zvtAF4G
One Direction,4AK6F7OLvEQ5QYCBNiQWHq,History,0HMjXBAZmSYOTTi33WpMso
Katy Perry,6jJ0s89eD6GaHleKKya26X,Roar,27tNWlhdAryQY04Gb2ZhUI
Willemijn Verkaik,7KawEFi5g9T9cTCd92h7j9,"Lass jetzt los - aus ""Die Eiskönigin - Völlig Unverfroren""/Deutscher Film-Soundtrack",367XBtIzCzWOQppgd2ipMT
Avril Lavigne,0p4nmQO2msCgU4IF37Wi3j,What the Hell,10zycm3kRmxg5etQ8Qhpq4
Adam Lambert,6prmLEyn4LfHlD9NnXWlf7,Whataya Want from Me,2rDwdvBma1O1eLzo29p2cr
Alan Walker,7vk5e3vY1uw9plTHJAMwjN,Faded,7gHs73wELdeycvS48JfIos
Avril Lavigne,0p4nmQO2msCgU4IF37Wi3j,Head Above Water,1N7YeVU0ZwAFbOhwM61ef6
Show Luo,33ApZ6LzfimooQNIKqf4jo,夠了,5Ub0U2yzlqzkMysApmLOL5
BLACKPINK,41MozSoPIsD1dJM0CLPjZF,WHISTLE,7HWmJ1wBecOAMNGjC6SmKE
BLACKPINK,41MozSoPIsD1dJM0CLPjZF,DDU-DU DDU-DU,7b8YOVV5quZcSKEijDgyWB
MARINA,6CwfuxIqcltXDGjfZsMd9A,Valley of the Dolls,1rdxUkcQLJRQwocz7mWyo7
Carly Rae Jepsen,6sFIWsNpZYqfjUpaCgueju,Party For One,39YLC6osLe9btq1vpsDglx
Ariana Grande,66CXWjxzNUsdJxJ2JdwvnR,"thank u, next",2rPE9A1vEgShuZxxzR2tZH
All Time Low,46gyXjRIvN1NL1eCB8GBxo,Break Your Little Heart,1qvxqCOU41LIoJIneUqt3J
Martin Garrix,60d24wfXkVzDSfLS6hyCjZ,Scared to Be Lonely,3ebXMykcMXOcLeJ9xZ17XH
girl in red,3uwAm6vQy7kWPS2bciKWx9,we fell in love in october,1BYZxKSf0aTxp8ZFoeyM3d
Bebe Rexha,64M6ah0SkkRsnPGtGiRAbb,I'm a Mess,04ZTP5KsCypmtCmQg5tH9R
Hailee Steinfeld,5p7f24Rk5HkUZsaS3BLG5F,Most Girls,10GJQkjRJcZhGTLagFOC62
Ariana Grande,66CXWjxzNUsdJxJ2JdwvnR,imagine,0todbbT9g5uQGbeFCiBf2F
Daya,6Dd3NScHWwnW6obMFbl1BH,Hide Away,0uyZ5ckiIUbFZd3P6RWmrj
Avril Lavigne,0p4nmQO2msCgU4IF37Wi3j,What the Hell,5zTzDqrEmseqL2G8ElgBu7
Miley Cyrus,5YGY8feqx7naU7z4HrwZM6,We Can't Stop,5ve0BYRZZ2aoHFqZMxqYgt
Lady Gaga,1HY2Jd0NmPuamShAr6KMms,Million Reasons,7dZ1Odmx9jWIweQSatnRqo
Joker Xue,1cg0bYpP5e2DNG0RgK2CMN,曖昧,3kACZ4aS3uzwRIRyALJqoe
Joker Xue,1cg0bYpP5e2DNG0RgK2CMN,紳士,3QOQ8HlMpJTupsoj5okuof
Hebe Tien,14bJhryXGk6H6qlGzwj3W5,墨綠的夜 (電影[地球最後的夜晚] 宣傳曲),3hargM51dfz3jDVHeH1Uzt
Shawn Mendes,7n2wHs1TKAczGzO7Dd2rGr,Lost In Japan,79esEXlqqmq0GPz0xQSZTV
One Direction,4AK6F7OLvEQ5QYCBNiQWHq,Stole My Heart,3Fld33fuWTUUmVx9BEkyDx
Ariana Grande,66CXWjxzNUsdJxJ2JdwvnR,7 rings,14msK75pk3pA33pzPVNtBF
The Vamps,7gAppWoH7pcYmphCVTXkzs,Can We Dance,5plDUEEu4r5YEzHL8IhOs1
Zella Day,100sLnojEpcadRx4edEBA6,Compass,6o20dsWQsZjhydaq893DnE
Zella Day,100sLnojEpcadRx4edEBA6,Sweet Ophelia,1jPZgfC9tWFNf7iBGdrTPV
Zella Day,100sLnojEpcadRx4edEBA6,East of Eden,2Wc2tcQl7cPetPKeXH3GD3
Zella Day,100sLnojEpcadRx4edEBA6,1965,1DP3tixUaj6mNz3Y4sfMN8
Camila Cabello,4nDoRrQiYLoBzwC5BhVJzF,I Have Questions,3NgCzSW98SsqBdpYcnm4kv
Hailee Steinfeld,5p7f24Rk5HkUZsaS3BLG5F,"Flashlight (Sweet Life Mix) - From ""Pitch Perfect 2"" Soundtrack",6W5RmgWh46p9RQ4LDezHKE
Little Mix,3e7awlrlDSwF3iM0WBjGMp,Shout Out to My Ex,1pwo8l3Ko7idwaz4LVUEC4
Hailee Steinfeld,5p7f24Rk5HkUZsaS3BLG5F,Rock Bottom,2qxaR31Te4xDR2yO6LqM8z
Hailee Steinfeld,5p7f24Rk5HkUZsaS3BLG5F,Hell Nos And Headphones,4ToeppjiHi7kGMAVUvosv0
Bridgit Mendler,4VhL8KLjVso4vLfOLVViTb,City Lights,1OZEvLQ4MUrqcnuCWX7vW0
Bridgit Mendler,4VhL8KLjVso4vLfOLVViTb,Ready or Not,5xvUgoVED1F4mBu8FL0HaW
Jay Chou,2elBjNSdBE2Y3f0j1mjrql,晴天,0F02KChKwbcQ3tk4q1YxLH
Sodagreen,3WYT2b8pOLsLsqSaoWYr7U,小情歌,0roIOt1l3otYmaSEDzsHxw
JJ Lin,7Dx7RhX0mFuXhCOUgB01uM,小酒窩,53WV5mAY2opmFC0r0LjRdM
Jolin Tsai,1r9DuPTHiQ7hnRRZ99B8nL,日不落,2aY9L0d1OPp0eVf5Vco51i
Fish Leong,3aIDSTKS9yH745GUQBxDcS,會呼吸的痛,5IgElbSREzVyqgf1OCuKJd
Fish Leong,3aIDSTKS9yH745GUQBxDcS,情歌,5oL7vOxCz2eJKAX6G4Yluh
Macklemore & Ryan Lewis,5BcAKTbp20cv7tC5VqPFoC,Can't Hold Us (feat. Ray Dalton),3bidbhpOYeV4knp8AIu8Xn
Billie Eilish,6qqNVTkY8uBg9cP3Jd7DAH,bury a friend,4SSnFejRGlZikf02HLewEF
Billie Eilish,6qqNVTkY8uBg9cP3Jd7DAH,Six Feet Under - Gazzo Remix,3UHa28GclZhNqqlaNFzKKY
Billie Eilish,6qqNVTkY8uBg9cP3Jd7DAH,bad guy,2Fxmhks0bxGSBdJ92vM42m
Air,1P6U1dCeHxPui5pIrGmndZ,Photograph,3L3zrewWMcjncFKbbaetov
Lady Gaga,1HY2Jd0NmPuamShAr6KMms,Joanne,2kecdnlyueotEMC8rdNlf6
Lady Gaga,1HY2Jd0NmPuamShAr6KMms,Just Dance,6HkjpGIOHv4y0IBAxUbE5z
Lady Gaga,1HY2Jd0NmPuamShAr6KMms,Paparazzi,16Me2jlMlTX4xsps2j71mC
Lady Gaga,1HY2Jd0NmPuamShAr6KMms,Poker Face,0WfKDYeUAoLA3vdvLKKWMW
Lady Gaga,1HY2Jd0NmPuamShAr6KMms,Boys Boys Boys,59C8rQGhU7VGLizJKR99Xk
Lady Gaga,1HY2Jd0NmPuamShAr6KMms,Bad Romance,1WP9BnIr6SbcneveMTedPj
Lady Gaga,1HY2Jd0NmPuamShAr6KMms,Monster,6Q5ClIrkVCcLOFHwMsN8QV
Lady Gaga,1HY2Jd0NmPuamShAr6KMms,Dance In The Dark,4ye3W4xNyQkIItKp01QbLM
Lady Gaga,1HY2Jd0NmPuamShAr6KMms,Just Dance,3E5XrOtqMAs7p2wKhwgOjf
Lady Gaga,1HY2Jd0NmPuamShAr6KMms,Born This Way,6r2BECwMgEoRb5yLfp0Hca
Lady Gaga,1HY2Jd0NmPuamShAr6KMms,The Edge Of Glory,6uxYfENm7zw050dNUi031W
Lady Gaga,1HY2Jd0NmPuamShAr6KMms,Applause,5ka2ajep9OAvU5Sgduhiex
Taylor Swift,06HL4z0CvFAxyc27GXpf02,ME! (feat. Brendon Urie of Panic! At The Disco),4Sib57MmYGJzSvkW84jTwh
Matt Cardle,3906URNmNa1VCXEeiJ3DSH,Amazing,15YOIZfFLX6q5hy8GzS8P0
Laine Hardy,2e4sMCgdXD5TkFquoTEA4j,Flame,4menArgtu2QyKU36ngRguV
Shawn Mendes,7n2wHs1TKAczGzO7Dd2rGr,Señorita,0TK2YIli7K1leLovkQiNik
Sam Smith,2wY79sveU1sp5g7SokKOiI,Stay With Me,5Nm9ERjJZ5oyfXZTECKmRt
mxmtoon,0HthCchcL0kVLHTr113Vk1,prom dress,0X3a2iLqyGMYi4g2WtUaXu
Clairo,3l0CmX0FuQjFxr8SK7Vqag,Flaming Hot Cheetos,1F6IbA7di42uPc3cff8PXV
Ariana Grande,66CXWjxzNUsdJxJ2JdwvnR,boyfriend (with Social House),4GqkWberT9cHK9P6REykBd
BANKS,2xe8IXgCTpwHE3eA9hTs4n,Gemini Feed,5fdzPMOxUqVJYSzTP5cFP7
Halsey,26VFTg2z8YR0cCuwLzESi2,Nightmare,340UVheS8z3ncW9TTUhAbc
Taylor Swift,06HL4z0CvFAxyc27GXpf02,Lover,0bzbvANY6oETSJLc0wlVGY
Stefanie Sun,0SIXZXJCAhNU8sxK0qm7hn,我懷念的,7z2M7DsEjZjwXBkWG3zd21
Avril Lavigne,0p4nmQO2msCgU4IF37Wi3j,When You're Gone,54JKnDB3CzVu8wNAOM27BI
Cigarettes After Sex,1QAJqy2dA3ihHBFIHRphZj,Apocalypse,3AVrVz5rK8Hrqo9YGiVGN5
Cigarettes After Sex,1QAJqy2dA3ihHBFIHRphZj,K.,7LX4aXtvImhdgUHQBlo8Kp
Avril Lavigne,0p4nmQO2msCgU4IF37Wi3j,I Will Be,1ERza8JzFin9c3Keo8XQEX
Avril Lavigne,0p4nmQO2msCgU4IF37Wi3j,Anything but Ordinary,6STHWwMa2vbr1nKArQH7hd
Patrick Rosal,1E7dUAAhA98iIzN2KNw4TK,Sofia,084YxThHOrmrM5YC0tyZEY
SAYGRACE,6y5amJcTjeDgLXIjtQLMst,You Don't Own Me (feat. G-Eazy),6Slaf2WBzQA86oS7MNMUNS
Chelsea Effect,6xgzhNUI3leAz0ZOEBu3dK,Ghosts in the Wall,706iZ9ubf1POfjlRj95MdT
Dan + Shay,7z5WFjZAIYejWy0NI5lv4T,"10,000 Hours (with Justin Bieber)",2wrJq5XKLnmhRXHIAf9xBa
Jolin Tsai,1r9DuPTHiQ7hnRRZ99B8nL,Play我呸 - Alesso Remix Version,6anhAH3FPfQmvZmKwMCmVD
mxmtoon,0HthCchcL0kVLHTr113Vk1,prom dress,2xCGBWfzTe8l2kvHpgvB6M
Conan Gray,4Uc8Dsxct0oMqx0P6i60ea,The King,54GASuUdLbhhdyECNUp3Pb
Charlotte Lawrence,7LImGq5KnzQobZciDJpeJb,Why Do You Love Me,2y8iBf0QRqCKFtePi9Rl2H
Alec Benjamin,5IH6FPUwQTxPSXurCrcIov,Let Me Down Slowly,2qxmye6gAegTMjLKEBoR3d
Charlotte Lawrence,7LImGq5KnzQobZciDJpeJb,Joke's On You,2D0FX6WiP1GKGL3yCdXxs7
Hebe Tien,14bJhryXGk6H6qlGzwj3W5,懸日,5F4yb5DOs3aJmDzcTvs5er
Jodi Benson,4mmMtabvFCKA6HfmVmitNH,Part of Your World,7tUSJY4nsDBJTjd1UXKRsT
Jolin Tsai,1r9DuPTHiQ7hnRRZ99B8nL,玫瑰少年,2uHMTG5xr9Xk7MrXIWrVUH
Dua Lipa,6M2wZ9GZgrQXHCFfjv46we,Physical,5px6upUHM3fhOP621Edp4V
Britney Spears,26dSoYclwsYLMAKD3tpOr4,Till the World Ends,38iU2jg98IZZEIJPrP7aWD
Far East Movement,698hF4vcwHwPy8ltmXermq,Like A G6,0eVxER8x5zcXd1g1tWCYJn
Édith Piaf,1WPcVNert9hn7mHsPKDn7j,"Non, je ne regrette rien",3dkIE8P7hvl3tHl9KSb6dA
Christina Aguilera,1l7ZsJRRS8wlW3WfJfPfNS,"Loyal Brave True - From ""Mulan""",3gy8PSkBSyvPyWZazgQn0F
Ashnikko,3PyJHH2wyfQK3WZrk9rpmP,"Hi, It's Me",2QClD0hEJbn3BmqUtwzuWs
Allie X,0wnYgCeP013HkKoOyC5V32,Downtown,5ckUvSqW1Oaucm19P6VmIK
WayV,1qBsABYUrxg9afpMtyoFKz,Love Talk - English Version,2e3cJdJ8xWwydl8JIYlCqB
HA:TFELT,3Mrp5B6JdfoiObgY0WR8lF,Life Sucks,6wvtvChKoIGAJpE99av3AI
Lexie Liu,6fs2or0cKLEM2xohWq8SoX,Manta,2ckGH6FtxWeAv0SskcREd1
Raveena,2kQnsbKnIiMahOetwlfcaS,If Only,4jyU03J2YOhRxgOHit2auK
Nana Ou-Yang,22JbAaWA5Abf5esf6N4PHY,The Best For You,4WMCn6s4BZZPfQT3DJbB47
Lil Peep,2kCcBybjl3SAtIcwdWpUe3,hellboy,2YGHCHkWTbtCUTjL0LUXtx
Glass Animals,4yvcSjfu4PC0CYQyLy4wSq,The Other Side Of Paradise,0rRjGruFonCGOt0S5zAJNQ
Mirei,7pZ9s793JnnIIJj4eZHpZW,Lonely in Tokyo,5hkyCYlfxi91HcfMDrlCKt
Demi Lovato,6S2OmqARrzebs0tKUEyXyp,Met Him Last Night (feat. Ariana Grande),0BI0hfbmqybnd3TezrDME3
Griff,5RJFJWYgtgWktosLrUDzff,Black Hole,6xw8ld1ztoCKifwTN6uGDq
Lil Peep,2kCcBybjl3SAtIcwdWpUe3,Better Off (Dying),1tlrTC3x7viJ1U30oOFGdF
Doja Cat,5cj0lLjcoR7YOSnhnX0Po5,Woman,6Uj1ctrBOjOas8xZXGqKk4
Joanna Wang,1km0aro5NJuoX5dE0Mub5C,Vincent,3ATLA1G2gCX5u3MQ5dpa7v
oceanfromtheblue,76eIrOIqck4yuOhrYZGx3a,unusual,5idFQaXtDbOeSx9mNAaEG6
Seori,2bWTIIQP9zaVc55RaMGu7e,긴 밤 (feat. GIRIBOY),5YAO57ujV1cs5eubzyOL1E
Vinida Weng,6oYvpkS6pM9ts4nbXRaINg,Angel Said,4D053wMXtH2mTa6Z7nPqgp
2 Chainz,17lzZA2AlOHwCwFALHttmp,It's A Vibe,6H0AwSQ20mo62jGlPGB8S6
Cyndi Wang,3AroL2oDPiAnMpTmIQv3KP,愛你,6T7oK4eP3Tezw4Ogy7q6KO
Post Malone,246dkjvS1zLTtiykXe5h60,I Like You (A Happier Song) (with Doja Cat),0O6u0VJ46W86TxN9wgyqDj
Dua Lipa,6M2wZ9GZgrQXHCFfjv46we,New Rules,2ekn2ttSfGqwhhate0LSR0
Bebe Rexha,64M6ah0SkkRsnPGtGiRAbb,I'm a Mess,04ZTP5KsCypmtCmQg5tH9R
Dua Lipa,6M2wZ9GZgrQXHCFfjv46we,IDGAF,76cy1WJvNGJTj78UqeA5zr
Sia,5WUlDfRSoLAfcVSX1WnrxN,Elastic Heart,6kwAbEjseqBob48jCus7Sz
Ariana Grande,66CXWjxzNUsdJxJ2JdwvnR,"thank u, next",2rPE9A1vEgShuZxxzR2tZH
Ariana Grande,66CXWjxzNUsdJxJ2JdwvnR,breathin,4OafepJy2teCjYJbvFE60J
Ariana Grande,66CXWjxzNUsdJxJ2JdwvnR,no tears left to cry,2qT1uLXPVPzGgFOx4jtEuo
Lorde,163tK9Wjr9P9DmM0AVK7lm,Green Light,3I4QOvltiKcMu3xmnQjEct
Hebe Tien,14bJhryXGk6H6qlGzwj3W5,He's Gone,2lmLoyUwFBWjzQbb4yiVjM
Carly Rae Jepsen,6sFIWsNpZYqfjUpaCgueju,Tonight I’m Getting Over You,471JtpRQ0oox9OoZcbB8OO
Hailee Steinfeld,5p7f24Rk5HkUZsaS3BLG5F,Love Myself,0xCmwofyCiXdhoBsMSNj2w
Sia,5WUlDfRSoLAfcVSX1WnrxN,Big Girls Cry,7zE6pyXLjUCOy8PG0UL5SZ
Emma Stone,68Uwx1d3EbjDJhYsLjqvIq,Someone In The Crowd,39ncDMVidHOeQgeC5anYZM
Ariana Grande,66CXWjxzNUsdJxJ2JdwvnR,Problem,7vS3Y0IKjde7Xg85LWIEdP
Carly Rae Jepsen,6sFIWsNpZYqfjUpaCgueju,Party For One,39YLC6osLe9btq1vpsDglx
Sia,5WUlDfRSoLAfcVSX1WnrxN,The Greatest,6bLopGnirdrilrpdVB6Um1
Taylor Swift,06HL4z0CvFAxyc27GXpf02,We Are Never Ever Getting Back Together,7AEAGTc8cReDqcbPoY9gwo
Taylor Swift,06HL4z0CvFAxyc27GXpf02,I Knew You Were Trouble.,72jCZdH0Lhg93z6Z4hBjgj
Taylor Swift,06HL4z0CvFAxyc27GXpf02,Shake It Off,5xTtaWoae3wi06K5WfVUUH
Justin Timberlake,31TPClRtHm23RisEBtV3X7,Cry Me a River,4dkuqcxZh4ljTMkY6q6ZEo
Avril Lavigne,0p4nmQO2msCgU4IF37Wi3j,I'm with You,1jlG3KJ3gdYmhfuySFfpO1
Beyoncé,6vWDO969PvNqNYHIOW5v0m,Partition,2vPTtiR7x7T6Lr17CE2FAE
Halsey,26VFTg2z8YR0cCuwLzESi2,Hold Me Down,0xkRMasLtvGqw7AUli6b0e
Taylor Swift,06HL4z0CvFAxyc27GXpf02,You're Not Sorry,7zen3j1316Tsk5iEZuDOft
Katy Perry,6jJ0s89eD6GaHleKKya26X,The One That Got Away,4uQY80TKE1u4ZQZQKHzVEi
Arctic Monkeys,7Ln80lUS6He07XvHI8qqHH,Do I Wanna Know?,3jfr0TF6DQcOLat8gGn7E2
Nicki Minaj,0hCNtLu0JehylgoiP8L4Gh,Feeling Myself,5fyIGoaaKelzdyW8ELhYJZ
Justin Bieber,1uNFoZAHBGtllmzznpCI3s,Love Yourself,50kpGaPAhYJ3sGmk6vplg0
Hailee Steinfeld,5p7f24Rk5HkUZsaS3BLG5F,You're Such A,78GykAuZzZEZz3qdHdOdZZ
Sia,5WUlDfRSoLAfcVSX1WnrxN,Cheap Thrills,27SdWb2rFzO6GWiYDBTD9j
Daya,6Dd3NScHWwnW6obMFbl1BH,Hide Away,2hsza71y54ABzmabyNDtM4
The Chainsmokers,69GGBxA162lTqCwzJG5jLp,Don't Let Me Down,1i1fxkWeaMmKEB4T7zqbzK
Halsey,26VFTg2z8YR0cCuwLzESi2,Haunting,6onmpB4WJxFj2oPR9vHVK9
Julia Michaels,0ZED1XzwlLHW4ZaG4lOT6m,Issues,0xG0SHshCStMEyNbNC5d4k
Camila Cabello,4nDoRrQiYLoBzwC5BhVJzF,Never Be the Same,4eWQlBRaTjPPUlzacqEeoQ
Zedd,2qxJFvFYMEDqd7ui6kSAcq,The Middle,2ARqIya5NAuvFVHSN3bL0m
Camila Cabello,4nDoRrQiYLoBzwC5BhVJzF,I Have Questions,3NgCzSW98SsqBdpYcnm4kv
Hailee Steinfeld,5p7f24Rk5HkUZsaS3BLG5F,Rock Bottom,2qxaR31Te4xDR2yO6LqM8z
Hailee Steinfeld,5p7f24Rk5HkUZsaS3BLG5F,Hell Nos And Headphones,4ToeppjiHi7kGMAVUvosv0
Bridgit Mendler,4VhL8KLjVso4vLfOLVViTb,City Lights,1OZEvLQ4MUrqcnuCWX7vW0
Billie Eilish,6qqNVTkY8uBg9cP3Jd7DAH,bury a friend,4SSnFejRGlZikf02HLewEF
Billie Eilish,6qqNVTkY8uBg9cP3Jd7DAH,Six Feet Under - Gazzo Remix,3UHa28GclZhNqqlaNFzKKY
Billie Eilish,6qqNVTkY8uBg9cP3Jd7DAH,bad guy,2Fxmhks0bxGSBdJ92vM42m
Sam Smith,2wY79sveU1sp5g7SokKOiI,Stay With Me,5Nm9ERjJZ5oyfXZTECKmRt
Stefanie Sun,0SIXZXJCAhNU8sxK0qm7hn,我懷念的,7z2M7DsEjZjwXBkWG3zd21
Stefanie Sun,0SIXZXJCAhNU8sxK0qm7hn,克卜勒,15tD731GK0VYsmd1Im4C7q
Stefanie Sun,0SIXZXJCAhNU8sxK0qm7hn,当冬夜渐暖,1zABsjNknUjs26f9jW8jM8
Stefanie Sun,0SIXZXJCAhNU8sxK0qm7hn,愚人的国度,2gNW0NDW06O6ZqqwAFPkLZ
Stefanie Sun,0SIXZXJCAhNU8sxK0qm7hn,天黑黑,6Vdb5GA3Q0zlmrMfHjgUwi
Stefanie Sun,0SIXZXJCAhNU8sxK0qm7hn,開始懂了,429T9YKEYhMXvayWlSNhLK
Avril Lavigne,0p4nmQO2msCgU4IF37Wi3j,When You're Gone,54JKnDB3CzVu8wNAOM27BI
A Fine Frenzy,5dTYaRzOn4rXGBLH052EeQ,Almost Lover,3GSYWQNnSdovwC2H8HpziA
Fish Leong,3aIDSTKS9yH745GUQBxDcS,我好嗎,3xaJcOD4T0U8m1AVvIoZIG
Selena Gomez,0C8ZW7ezQVs4URX5aX7Kqx,Hands To Myself,7jGpa7ynADyaSmcprXgO7I
Selena Gomez,0C8ZW7ezQVs4URX5aX7Kqx,Same Old Love,6itUc9sOq5is39AaPX5D6R
Avril Lavigne,0p4nmQO2msCgU4IF37Wi3j,I Will Be,1ERza8JzFin9c3Keo8XQEX
Avril Lavigne,0p4nmQO2msCgU4IF37Wi3j,Keep Holding On,4UPcXTh26ilb7owtuyHqNI
Avril Lavigne,0p4nmQO2msCgU4IF37Wi3j,I Can Do Better,5kyqKoOnHwvxk0bZLeK1kr
Avril Lavigne,0p4nmQO2msCgU4IF37Wi3j,My Happy Ending,6sqNctd7MlJoKDOxPVCAvU
Avril Lavigne,0p4nmQO2msCgU4IF37Wi3j,How You Remind Me,4H560RqZEEhrgOquGqTCvs
Avril Lavigne,0p4nmQO2msCgU4IF37Wi3j,Head Above Water,7gY3cyGcB2wnk2xDXiA0pe
Avril Lavigne,0p4nmQO2msCgU4IF37Wi3j,I Fell In Love With The Devil,6HHtTXPyBTJsLQT0y3afnm
Avril Lavigne,0p4nmQO2msCgU4IF37Wi3j,Tell Me It's Over,0aeZzfSoZAcETjba8MCvco
Avril Lavigne,0p4nmQO2msCgU4IF37Wi3j,Souvenir,28H24GURvUF2PQ6275xudN
Avril Lavigne,0p4nmQO2msCgU4IF37Wi3j,Warrior,27wvjuKafcmKhoLcBcJ0uO
Selena Gomez,0C8ZW7ezQVs4URX5aX7Kqx,Lose You To Love Me,1HfMVBKM75vxSfsQ5VefZ5
Camila Cabello,4nDoRrQiYLoBzwC5BhVJzF,Real Friends,4V6MRo0CEAC9MwAm7dkPuL
warner case,106OuakzOxxbXTuigEEf01,we should go,3BL9fu7oVGRGofjrwvzhQS
Eason Chan,2QcZxAgcs2I1q7CtCkl6MI,愛情轉移(國),5geqxGTn2dFte1KywqcXYq
G.E.M.,7aRC4L63dBn3CiLDuWaLSI,"很久以後 - 電影《可不可以,你也剛好喜歡我》主題曲",6lZKB76djHxzO0p2Y3E8vj
Olivia O'Brien,1QRj3hoop9Mv5VvHQkwPEp,hate u love u,6ATgDc6e4sPn84hvJsAmPt
Martin Garrix,60d24wfXkVzDSfLS6hyCjZ,Scared to Be Lonely,3ebXMykcMXOcLeJ9xZ17XH
Fish Leong,3aIDSTKS9yH745GUQBxDcS,分手快樂 - 獨唱版,0OrKSryMCjp44hkGwKRvwU
Hebe Tien,14bJhryXGk6H6qlGzwj3W5,小幸運,1ZeVIrCWzEmsJexkrgvjFv
Hebe Tien,14bJhryXGk6H6qlGzwj3W5,寂寞寂寞就好,4LhAUjPqfLpBVNYEdPd5Go
Joker Xue,1cg0bYpP5e2DNG0RgK2CMN,你还要我怎样,0kuKQQMx6L3efJuRVTgWQb
Kelly Yu,5R56NYbLCC2HpOwlYBnmeN,體面(電影《前任3:再見前任》插曲),7cE5ehlKJ3L9Ejhzm3udcF
Alec Benjamin,5IH6FPUwQTxPSXurCrcIov,Let Me Down Slowly,2qxmye6gAegTMjLKEBoR3d
Calvin Harris,7CajNmpbOovFoOoasH2HaY,One Kiss (with Dua Lipa),7ef4DlsgrMEH11cDZd32M6
Mao Buyi,6gvSKE72vF6N20LfBqrDmm,像我這樣的人,5VGIY7p4J5WPMCtXYWBdbX
Eminem,7dGJo4pcD2V6oG8kP0tJRR,Godzilla (feat. Juice WRLD),7FIWs0pqAYbP91WWM0vlTQ
Charlotte Lawrence,7LImGq5KnzQobZciDJpeJb,Joke's On You,2D0FX6WiP1GKGL3yCdXxs7
Dua Lipa,6M2wZ9GZgrQXHCFfjv46we,Don't Start Now,6WrI0LAC5M1Rw2MnX2ZvEg
Taylor Swift,06HL4z0CvFAxyc27GXpf02,Back To December,3DrjZArsPsoqbLzUZZV1Id
Jodi Benson,4mmMtabvFCKA6HfmVmitNH,Part of Your World,7tUSJY4nsDBJTjd1UXKRsT
Dua Lipa,6M2wZ9GZgrQXHCFfjv46we,Physical,5px6upUHM3fhOP621Edp4V
Gotye,2AsusXITU8P25dlRNhcAbG,Somebody That I Used To Know,4wCmqSrbyCgxEXROQE6vtV
Plain White T's,1g1yxsNVPhMUl9GrMjEb2o,Hey There Delilah,4RCWB3V8V0dignt99LZ8vH
Dua Lipa,6M2wZ9GZgrQXHCFfjv46we,Break My Heart,1raaNykBg1bDnWENUiglUA
Maxence Cyrin,3NcPjvA2rp9FPj1JBAXwOS,Where Is My Mind,4jNQkWhuzqrbqQuqanFFJ6
Rachel Bay Jones,782wocBbKLROLTSPViayHH,So Big / So Small,5M2LiZ8SmRFWl1IJ0F7JNR
Cher Lloyd,4m4SfDVbF5wxrwEjDKgi4k,None Of My Business,2SPEg45ZaUFJCg9GwNmRvw
Justin Bieber,1uNFoZAHBGtllmzznpCI3s,Lonely (with benny blanco),4y4spB9m0Q6026KfkAvy9Q
Griff,5RJFJWYgtgWktosLrUDzff,Black Hole,6xw8ld1ztoCKifwTN6uGDq
Mika Nakashima,3D73KNJRMbV45N59E8IN0F,僕が死のうと思ったのは,2NOIV90vZjJEzbKiJyGZiS
